time,temperature_2m (°C),relativehumidity_2m (%),precipitation (mm),surface_pressure (hPa),windspeed_10m (km/h),diffuse_radiation (W/m²)
2023-06-06T00:00,29.2,85,0.00,1002.2,4.7,0.0
2023-06-06T01:00,28.7,88,0.00,1001.7,5.0,0.0
2023-06-06T02:00,28.3,90,0.00,1001.4,5.1,0.0
2023-06-06T03:00,28.0,91,0.00,1001.4,4.7,0.0
2023-06-06T04:00,27.7,93,0.00,1001.2,4.1,0.0
2023-06-06T05:00,27.4,94,0.00,1001.3,3.9,0.0
2023-06-06T06:00,27.7,94,0.00,1001.6,2.4,18.0
2023-06-06T07:00,29.5,87,0.00,1002.2,4.1,66.0
2023-06-06T08:00,31.0,81,0.00,1002.6,4.5,116.0
2023-06-06T09:00,32.6,74,0.00,1002.9,3.4,179.0
2023-06-06T10:00,34.6,63,0.00,1002.8,3.1,236.0
2023-06-06T11:00,36.4,53,0.00,1002.3,3.6,298.0
2023-06-06T12:00,36.8,50,0.00,1002.1,2.4,297.0
2023-06-06T13:00,37.7,45,0.00,1000.9,2.1,268.0
2023-06-06T14:00,38.1,44,0.00,1000.0,2.3,275.0
2023-06-06T15:00,38.1,43,0.00,998.7,2.2,247.0
2023-06-06T16:00,37.9,43,0.00,997.9,2.2,197.0
2023-06-06T17:00,37.5,43,0.00,997.6,1.1,127.0
2023-06-06T18:00,35.8,54,0.00,998.0,1.8,81.0
2023-06-06T19:00,33.9,66,0.00,998.8,2.3,14.0
2023-06-06T20:00,32.6,67,0.00,999.6,4.7,0.0
2023-06-06T21:00,31.4,72,0.00,1000.4,5.8,0.0
2023-06-06T22:00,30.8,76,0.00,1001.2,4.9,0.0
2023-06-06T23:00,30.1,80,0.00,1001.0,4.1,0.0
2023-06-07T00:00,29.5,84,0.00,1000.3,3.5,0.0
2023-06-07T01:00,29.2,89,0.00,999.7,3.7,0.0
2023-06-07T02:00,29.0,92,0.00,999.5,3.2,0.0
2023-06-07T03:00,28.8,95,0.00,999.4,3.3,0.0
2023-06-07T04:00,28.6,97,0.00,999.7,3.1,0.0
2023-06-07T05:00,28.6,98,0.00,1000.1,4.0,0.0
2023-06-07T06:00,28.5,95,0.00,1000.7,2.5,19.0
2023-06-07T07:00,30.1,90,0.00,1001.5,3.6,86.0
2023-06-07T08:00,31.6,83,0.00,1002.2,4.7,179.0
2023-06-07T09:00,33.0,77,0.00,1002.3,4.3,262.0
2023-06-07T10:00,34.2,69,0.20,1002.2,4.5,389.0
2023-06-07T11:00,34.9,65,0.10,1002.0,5.5,433.0
2023-06-07T12:00,34.1,67,0.00,1001.8,7.1,367.0
2023-06-07T13:00,32.2,75,0.80,1001.2,6.5,281.0
2023-06-07T14:00,33.1,74,0.10,1000.5,6.2,309.0
2023-06-07T15:00,33.0,72,0.20,999.7,7.2,329.0
2023-06-07T16:00,32.7,74,0.00,998.7,6.7,246.0
2023-06-07T17:00,32.1,78,0.00,998.2,6.4,123.0
2023-06-07T18:00,33.3,71,0.00,998.2,3.1,75.0
2023-06-07T19:00,31.5,79,0.00,998.7,4.3,12.0
2023-06-07T20:00,30.6,84,0.00,999.9,4.8,0.0
2023-06-07T21:00,30.2,86,0.00,1000.6,5.4,0.0
2023-06-07T22:00,30.0,87,0.00,1001.2,5.1,0.0
2023-06-07T23:00,29.7,88,0.00,1001.3,5.5,0.0
2023-06-08T00:00,29.4,89,0.00,1000.7,4.3,0.0
2023-06-08T01:00,29.0,91,0.00,1000.2,4.0,0.0
2023-06-08T02:00,28.8,93,0.00,999.9,3.7,0.0
2023-06-08T03:00,28.6,94,0.00,1000.0,3.0,0.0
2023-06-08T04:00,28.5,95,0.00,1000.0,2.3,0.0
2023-06-08T05:00,28.3,96,0.00,999.9,2.5,0.0
2023-06-08T06:00,29.2,94,0.00,1000.2,1.5,17.0
2023-06-08T07:00,30.1,91,0.00,1000.9,1.5,74.0
2023-06-08T08:00,31.1,87,0.00,1001.8,2.3,142.0
2023-06-08T09:00,31.8,84,0.00,1001.5,3.6,173.0
2023-06-08T10:00,31.8,81,2.20,1001.7,3.1,244.0
2023-06-08T11:00,30.7,87,1.90,1001.4,5.5,198.0
2023-06-08T12:00,29.1,93,0.10,1001.8,6.6,150.0
2023-06-08T13:00,28.6,94,1.70,1001.3,6.8,156.0
2023-06-08T14:00,28.9,92,0.10,1000.8,6.1,236.0
2023-06-08T15:00,29.2,90,0.00,999.8,4.6,222.0
2023-06-08T16:00,29.3,90,0.00,998.7,5.4,185.0
2023-06-08T17:00,29.2,91,0.00,998.2,3.8,123.0
2023-06-08T18:00,30.2,93,0.00,997.7,2.8,71.0
2023-06-08T19:00,29.6,95,0.00,998.5,3.1,11.0
2023-06-08T20:00,29.2,96,0.00,999.3,3.6,0.0
2023-06-08T21:00,29.0,97,0.00,999.6,4.3,0.0
2023-06-08T22:00,28.8,97,0.00,1000.0,4.8,0.0
2023-06-08T23:00,28.7,97,0.00,999.6,4.6,0.0
2023-06-09T00:00,28.0,96,0.00,999.9,3.1,0.0
2023-06-09T01:00,27.9,97,0.00,999.7,3.4,0.0
2023-06-09T02:00,27.8,97,0.00,999.3,4.1,0.0
2023-06-09T03:00,27.7,97,0.00,999.2,4.0,0.0
2023-06-09T04:00,27.7,98,0.00,998.8,3.0,0.0
2023-06-09T05:00,27.5,97,0.90,998.7,3.7,0.0
2023-06-09T06:00,28.1,98,0.10,999.0,0.4,8.0
2023-06-09T07:00,28.1,97,0.90,999.9,3.3,44.0
2023-06-09T08:00,28.1,96,1.40,1000.2,3.2,62.0
2023-06-09T09:00,28.0,96,1.00,1000.5,4.8,90.0
2023-06-09T10:00,27.9,96,1.30,1000.6,2.5,110.0
2023-06-09T11:00,28.5,93,0.10,1000.0,4.1,171.0
2023-06-09T12:00,30.0,86,0.40,999.5,5.4,259.0
2023-06-09T13:00,30.1,85,0.10,999.1,5.8,250.0
2023-06-09T14:00,30.1,85,0.00,998.7,6.6,201.0
2023-06-09T15:00,29.4,89,0.00,997.9,6.5,116.0
2023-06-09T16:00,29.5,89,0.00,997.3,4.9,144.0
2023-06-09T17:00,29.5,87,0.00,996.9,7.2,136.0
2023-06-09T18:00,29.2,90,0.00,997.5,4.7,56.0
2023-06-09T19:00,28.6,92,0.00,998.5,3.9,10.0
2023-06-09T20:00,28.2,94,0.00,999.0,4.9,0.0
2023-06-09T21:00,28.1,94,0.00,999.3,5.2,0.0
2023-06-09T22:00,27.8,94,0.00,999.7,6.4,0.0
2023-06-09T23:00,27.6,93,0.00,999.7,6.6,0.0
2023-06-10T00:00,26.2,92,0.00,999.3,4.5,0.0
2023-06-10T01:00,25.9,92,0.00,998.9,4.7,0.0
2023-06-10T02:00,25.6,92,0.00,998.5,3.3,0.0
2023-06-10T03:00,25.5,92,0.00,998.4,0.8,0.0
2023-06-10T04:00,25.3,93,0.00,998.2,1.4,0.0
2023-06-10T05:00,25.1,94,0.00,998.4,2.5,0.0
2023-06-10T06:00,25.2,93,0.00,998.5,2.1,11.0
2023-06-10T07:00,25.8,91,0.00,999.3,1.9,49.0
2023-06-10T08:00,26.4,89,0.00,999.6,2.2,84.0
2023-06-10T09:00,27.1,85,0.00,999.7,1.1,119.0
2023-06-10T10:00,27.7,84,0.00,999.9,1.8,162.0
2023-06-10T11:00,28.3,82,0.00,999.6,0.8,187.0
2023-06-10T12:00,29.5,75,0.00,999.2,0.8,199.0
2023-06-10T13:00,30.2,71,0.00,998.6,1.4,338.0
2023-06-10T14:00,30.8,69,0.00,997.8,2.5,343.0
2023-06-10T15:00,31.5,66,0.00,997.3,3.7,308.0
2023-06-10T16:00,31.7,66,0.00,996.7,2.6,247.0
2023-06-10T17:00,31.3,67,0.00,996.8,1.8,168.0
2023-06-10T18:00,29.6,77,0.00,997.0,6.5,82.0
2023-06-10T19:00,28.0,87,0.00,998.1,6.6,15.0
2023-06-10T20:00,27.1,92,0.00,999.0,5.7,0.0
2023-06-10T21:00,26.6,95,0.00,999.7,5.2,0.0
2023-06-10T22:00,26.4,96,0.00,1000.2,5.4,0.0
2023-06-10T23:00,26.2,96,0.00,999.7,4.8,0.0
2023-06-11T00:00,26.3,95,0.00,999.0,4.5,0.0
2023-06-11T01:00,26.3,96,0.00,998.3,3.9,0.0
2023-06-11T02:00,26.2,96,0.30,998.2,3.6,0.0
2023-06-11T03:00,26.1,96,0.50,998.2,3.1,0.0
2023-06-11T04:00,26.0,96,0.80,997.7,4.4,0.0
2023-06-11T05:00,25.8,97,0.00,997.8,4.7,0.0
2023-06-11T06:00,26.6,96,0.00,997.9,4.1,10.0
2023-06-11T07:00,27.2,94,0.00,998.6,4.2,69.0
2023-06-11T08:00,28.0,92,0.00,998.9,5.4,130.0
2023-06-11T09:00,29.8,84,0.00,999.1,6.2,203.0
2023-06-11T10:00,31.2,78,0.00,998.8,6.2,264.0
2023-06-11T11:00,31.8,75,0.00,998.6,6.6,301.0
2023-06-11T12:00,32.8,70,0.10,998.3,5.0,350.0
2023-06-11T13:00,33.1,71,0.00,997.7,6.8,301.0
2023-06-11T14:00,32.1,73,0.30,997.4,8.7,238.0
2023-06-11T15:00,31.7,74,0.10,997.1,9.8,238.0
2023-06-11T16:00,31.6,74,0.20,996.5,9.5,201.0
2023-06-11T17:00,30.5,77,0.30,996.6,8.0,165.0
2023-06-11T18:00,30.7,79,0.00,996.3,8.0,97.0
2023-06-11T19:00,29.6,85,0.00,997.2,7.4,18.0
2023-06-11T20:00,28.8,89,0.00,997.8,8.2,0.0
2023-06-11T21:00,28.3,91,0.00,999.1,6.6,0.0
2023-06-11T22:00,28.0,93,0.00,999.8,7.0,0.0
2023-06-11T23:00,27.7,94,0.00,999.8,7.7,0.0
2023-06-12T00:00,27.4,94,0.00,999.1,5.9,0.0
2023-06-12T01:00,27.2,95,0.00,998.6,5.6,0.0
2023-06-12T02:00,27.0,96,0.00,998.4,5.6,0.0
2023-06-12T03:00,26.9,97,0.00,998.1,5.6,0.0
2023-06-12T04:00,26.8,97,0.00,997.6,5.6,0.0
2023-06-12T05:00,26.7,97,0.00,997.6,5.1,0.0
2023-06-12T06:00,26.9,96,0.00,997.9,5.6,16.0
2023-06-12T07:00,28.3,91,0.00,998.8,6.9,84.0
2023-06-12T08:00,30.2,83,0.00,999.6,7.1,149.0
2023-06-12T09:00,31.4,79,0.30,999.8,8.2,171.0
2023-06-12T10:00,32.7,76,0.10,999.6,8.4,220.0
2023-06-12T11:00,33.8,69,0.20,999.1,8.9,251.0
2023-06-12T12:00,33.8,69,0.20,998.7,7.7,294.0
2023-06-12T13:00,33.8,68,0.20,998.3,7.0,346.0
2023-06-12T14:00,32.7,72,1.80,998.0,9.4,320.0
2023-06-12T15:00,31.8,76,1.90,997.6,5.4,276.0
2023-06-12T16:00,31.9,77,0.10,996.6,3.9,209.0
2023-06-12T17:00,32.0,78,0.10,996.5,3.6,174.0
2023-06-12T18:00,30.5,84,2.50,997.3,6.3,96.0
2023-06-12T19:00,29.2,86,0.30,998.1,7.0,10.0
2023-06-12T20:00,28.6,88,0.00,999.0,5.9,0.0
2023-06-12T21:00,28.3,90,0.00,999.5,6.6,0.0
2023-06-12T22:00,28.1,91,0.00,999.9,6.6,0.0
2023-06-12T23:00,27.9,93,0.00,1000.0,6.1,0.0
2023-06-13T00:00,27.1,95,0.00,999.7,5.1,0.0
2023-06-13T01:00,27.0,96,0.00,999.3,5.5,0.0
2023-06-13T02:00,26.9,97,0.00,998.8,5.3,0.0
2023-06-13T03:00,27.0,97,0.00,998.5,5.8,0.0
2023-06-13T04:00,27.1,97,0.00,997.9,5.7,0.0
2023-06-13T05:00,27.1,97,0.00,998.0,5.4,0.0
2023-06-13T06:00,26.7,97,0.00,998.5,4.8,16.0
2023-06-13T07:00,27.7,94,0.00,999.6,4.8,63.0
2023-06-13T08:00,28.5,91,0.30,999.8,9.4,110.0
2023-06-13T09:00,30.0,84,0.00,999.6,8.7,188.0
2023-06-13T10:00,31.3,77,0.20,999.6,4.1,244.0
2023-06-13T11:00,31.5,77,0.80,998.8,7.4,230.0
2023-06-13T12:00,33.8,70,0.30,998.4,5.2,297.0
2023-06-13T13:00,34.2,68,0.70,997.6,8.0,399.0
2023-06-13T14:00,34.2,69,0.40,997.0,9.0,407.0
2023-06-13T15:00,32.0,74,1.80,996.7,10.7,309.0
2023-06-13T16:00,31.8,75,0.20,995.8,6.9,234.0
2023-06-13T17:00,31.7,77,0.80,995.7,6.6,179.0
2023-06-13T18:00,30.4,83,0.00,995.8,6.2,103.0
2023-06-13T19:00,29.9,88,0.00,996.8,5.6,17.0
2023-06-13T20:00,29.7,89,0.00,997.8,6.8,0.0
2023-06-13T21:00,29.6,86,0.00,998.5,8.5,0.0
2023-06-13T22:00,29.1,87,0.00,998.8,6.9,0.0
2023-06-13T23:00,28.7,91,0.00,999.1,6.5,0.0
2023-06-14T00:00,28.4,92,0.00,997.4,8.1,0.0
2023-06-14T01:00,28.5,91,0.00,997.6,9.0,0.0
2023-06-14T02:00,28.2,91,0.00,997.4,8.7,0.0
2023-06-14T03:00,28.1,91,0.00,997.5,9.7,0.0
2023-06-14T04:00,28.1,89,0.00,997.1,11.6,0.0
2023-06-14T05:00,28.1,89,0.00,996.8,9.7,0.0
2023-06-14T06:00,28.1,92,0.00,997.8,5.9,17.0
2023-06-14T07:00,28.9,90,0.00,999.1,4.1,85.0
2023-06-14T08:00,29.7,86,0.00,999.1,11.2,111.0
2023-06-14T09:00,31.5,78,0.00,998.9,12.3,229.0
2023-06-14T10:00,32.7,72,0.00,998.4,13.7,268.0
2023-06-14T11:00,34.5,64,0.00,997.9,14.8,272.0
2023-06-14T12:00,35.8,55,0.00,998.6,11.3,383.0
2023-06-14T13:00,36.9,51,0.00,998.1,10.8,395.0
2023-06-14T14:00,37.1,50,0.00,997.5,10.8,362.0
2023-06-14T15:00,36.9,52,0.00,996.6,13.4,316.0
2023-06-14T16:00,36.2,55,0.00,996.1,13.1,254.0
2023-06-14T17:00,34.9,60,0.00,996.2,13.0,129.0
2023-06-14T18:00,34.2,64,0.00,996.5,10.2,69.0
2023-06-14T19:00,32.4,73,0.00,997.3,11.1,17.0
2023-06-14T20:00,31.3,78,0.00,997.8,13.7,0.0
2023-06-14T21:00,30.5,83,0.00,998.9,11.9,0.0
2023-06-14T22:00,30.1,86,0.00,999.8,9.0,0.0
2023-06-14T23:00,29.8,89,0.00,999.6,10.2,0.0
2023-06-15T00:00,30.2,89,0.00,999.6,7.3,0.0
2023-06-15T01:00,29.9,89,0.00,998.9,10.9,0.0
2023-06-15T02:00,29.6,88,0.00,998.4,11.2,0.0
2023-06-15T03:00,29.3,89,0.00,997.5,11.9,0.0
2023-06-15T04:00,29.3,89,0.00,997.8,11.9,0.0
2023-06-15T05:00,29.2,91,0.40,997.5,12.7,0.0
2023-06-15T06:00,29.4,91,0.10,998.6,11.6,10.0
2023-06-15T07:00,30.0,88,0.00,998.9,12.6,92.0
2023-06-15T08:00,31.6,83,0.00,999.6,14.9,150.0
2023-06-15T09:00,33.1,77,0.00,999.5,14.8,210.0
2023-06-15T10:00,34.2,73,0.00,999.5,13.8,289.0
2023-06-15T11:00,35.0,66,0.00,999.1,12.8,287.0
2023-06-15T12:00,35.1,66,0.00,1000.2,11.9,292.0
2023-06-15T13:00,34.6,68,0.30,999.8,12.6,309.0
2023-06-15T14:00,34.2,68,0.40,999.1,14.5,342.0
2023-06-15T15:00,34.1,68,0.00,997.9,16.4,385.0
2023-06-15T16:00,33.6,69,0.00,998.0,14.8,293.0
2023-06-15T17:00,32.8,72,0.00,997.5,15.1,206.0
2023-06-15T18:00,32.4,77,0.00,997.5,13.5,107.0
2023-06-15T19:00,31.1,82,0.00,998.2,11.5,20.0
2023-06-15T20:00,30.4,86,0.00,999.2,11.8,0.0
2023-06-15T21:00,30.0,89,0.00,1000.0,9.9,0.0
2023-06-15T22:00,29.7,91,0.10,1000.7,8.9,0.0
2023-06-15T23:00,29.8,91,0.00,1000.2,11.5,0.0
2023-06-16T00:00,29.7,91,0.00,999.4,9.7,0.0
2023-06-16T01:00,29.5,92,0.00,998.5,10.1,0.0
2023-06-16T02:00,29.3,92,0.00,997.8,12.3,0.0
2023-06-16T03:00,29.3,92,0.00,997.5,11.5,0.0
2023-06-16T04:00,29.3,91,0.00,997.5,11.5,0.0
2023-06-16T05:00,29.4,90,0.10,998.5,6.9,0.0
2023-06-16T06:00,29.1,94,0.20,999.2,7.4,15.0
2023-06-16T07:00,29.8,91,0.00,999.9,9.1,80.0
2023-06-16T08:00,30.8,85,0.00,999.9,13.3,163.0
2023-06-16T09:00,32.4,78,0.00,1000.1,13.9,250.0
2023-06-16T10:00,33.7,73,0.00,1000.0,12.8,321.0
2023-06-16T11:00,35.0,68,0.00,999.5,13.4,397.0
2023-06-16T12:00,35.8,63,0.00,1000.1,11.9,406.0
2023-06-16T13:00,36.5,57,0.10,999.5,12.7,297.0
2023-06-16T14:00,36.0,57,0.20,999.2,14.8,304.0
2023-06-16T15:00,34.5,66,0.40,999.1,14.8,306.0
2023-06-16T16:00,34.0,65,0.10,998.2,14.1,235.0
2023-06-16T17:00,33.2,67,0.10,998.3,13.0,156.0
2023-06-16T18:00,32.5,72,0.10,998.6,12.2,93.0
2023-06-16T19:00,31.5,76,0.00,999.4,11.7,19.0
2023-06-16T20:00,30.6,80,0.00,999.6,13.3,0.0
2023-06-16T21:00,30.0,84,0.00,1000.2,13.1,0.0
2023-06-16T22:00,29.6,86,0.00,1000.4,13.0,0.0
2023-06-16T23:00,29.5,86,0.00,1000.9,11.5,0.0
2023-06-17T00:00,29.5,86,0.00,1000.7,10.8,0.0
2023-06-17T01:00,29.5,86,0.10,1001.3,5.2,0.0
2023-06-17T02:00,29.0,88,0.80,1000.6,9.3,0.0
2023-06-17T03:00,28.8,89,0.00,1000.4,10.8,0.0
2023-06-17T04:00,28.6,89,0.00,999.9,10.8,0.0
2023-06-17T05:00,28.5,90,0.00,1000.3,11.2,0.0
2023-06-17T06:00,28.9,91,0.00,1001.2,8.4,17.0
2023-06-17T07:00,29.6,88,0.00,1001.8,12.6,87.0
2023-06-17T08:00,30.4,84,0.00,1002.3,14.5,152.0
2023-06-17T09:00,31.9,77,0.00,1002.2,15.2,224.0
2023-06-17T10:00,33.3,70,0.00,1001.9,16.7,234.0
2023-06-17T11:00,34.6,65,0.00,1001.6,17.7,245.0
2023-06-17T12:00,35.0,63,0.00,1002.5,14.5,273.0
2023-06-17T13:00,34.8,63,0.60,1001.5,12.6,301.0
2023-06-17T14:00,33.7,67,0.80,1000.7,13.9,356.0
2023-06-17T15:00,34.7,62,0.00,999.5,15.0,340.0
2023-06-17T16:00,34.4,63,0.00,999.1,14.9,288.0
2023-06-17T17:00,33.3,68,0.00,998.9,14.6,206.0
2023-06-17T18:00,31.4,74,0.00,1000.7,9.7,112.0
2023-06-17T19:00,30.1,81,0.00,1001.3,8.8,19.0
2023-06-17T20:00,29.3,85,0.00,1002.3,8.7,0.0
2023-06-17T21:00,28.8,88,0.00,1002.4,9.3,0.0
2023-06-17T22:00,28.6,90,0.00,1002.8,8.2,0.0
2023-06-17T23:00,28.4,91,0.00,1003.0,7.4,0.0
2023-06-18T00:00,28.2,94,0.00,1002.7,8.1,0.0
2023-06-18T01:00,28.1,93,0.00,1002.3,7.4,0.0
2023-06-18T02:00,28.2,93,0.00,1002.0,6.4,0.0
2023-06-18T03:00,28.1,93,0.00,1002.1,6.7,0.0
2023-06-18T04:00,28.1,93,0.00,1001.6,7.9,0.0
2023-06-18T05:00,28.0,93,0.00,1002.1,6.4,0.0
2023-06-18T06:00,28.2,93,0.00,1003.0,5.3,17.0
2023-06-18T07:00,28.9,91,0.10,1003.7,6.0,75.0
2023-06-18T08:00,29.8,87,0.10,1003.5,9.7,154.0
2023-06-18T09:00,30.9,82,0.00,1003.3,11.6,290.0
2023-06-18T10:00,31.6,79,0.00,1003.1,11.7,311.0
2023-06-18T11:00,32.5,73,0.00,1002.8,11.6,353.0
2023-06-18T12:00,31.1,82,0.00,1003.6,11.2,395.0
2023-06-18T13:00,32.1,76,0.00,1002.5,12.8,423.0
2023-06-18T14:00,32.1,75,0.00,1001.6,12.2,408.0
2023-06-18T15:00,32.3,73,0.00,1000.7,11.7,367.0
2023-06-18T16:00,32.3,73,0.00,999.7,12.0,317.0
2023-06-18T17:00,31.6,75,0.00,999.5,11.4,203.0
2023-06-18T18:00,30.0,85,0.00,1000.4,8.9,93.0
2023-06-18T19:00,29.2,89,0.00,1001.0,7.4,15.0
2023-06-18T20:00,28.7,92,0.00,1002.2,6.1,0.0
2023-06-18T21:00,28.5,93,0.00,1002.7,7.1,0.0
2023-06-18T22:00,28.4,93,0.00,1003.0,7.8,0.0
2023-06-18T23:00,28.3,94,0.00,1002.9,7.8,0.0
2023-06-19T00:00,27.9,95,0.00,1003.2,6.1,0.0
2023-06-19T01:00,27.8,95,0.00,1002.4,7.7,0.0
2023-06-19T02:00,27.8,95,0.00,1002.1,7.1,0.0
2023-06-19T03:00,27.8,95,0.00,1001.6,6.5,0.0
2023-06-19T04:00,27.7,94,0.00,1001.3,9.0,0.0
2023-06-19T05:00,27.5,94,0.00,1001.9,4.5,0.0
2023-06-19T06:00,27.8,95,1.60,1002.1,5.2,9.0
2023-06-19T07:00,28.3,93,0.00,1002.7,6.3,88.0
2023-06-19T08:00,28.9,90,1.50,1002.5,10.9,189.0
2023-06-19T09:00,29.2,89,0.00,1002.8,9.8,174.0
2023-06-19T10:00,29.4,88,2.10,1002.9,9.9,256.0
2023-06-19T11:00,29.8,87,0.30,1002.6,10.4,321.0
2023-06-19T12:00,30.0,83,0.00,1003.1,8.6,287.0
2023-06-19T13:00,30.9,78,0.00,1002.2,8.7,392.0
2023-06-19T14:00,31.5,74,0.00,1001.7,8.4,390.0
2023-06-19T15:00,31.6,74,0.00,1001.0,8.7,364.0
2023-06-19T16:00,31.3,75,0.00,1000.3,8.6,285.0
2023-06-19T17:00,30.7,79,0.00,1000.0,7.2,163.0
2023-06-19T18:00,29.1,88,0.00,1000.5,6.2,74.0
2023-06-19T19:00,28.4,91,0.00,1000.9,6.1,13.0
2023-06-19T20:00,27.9,93,0.00,1001.5,6.7,0.0
2023-06-19T21:00,27.8,94,0.00,1001.9,7.4,0.0
2023-06-19T22:00,27.7,95,0.00,1002.5,7.1,0.0
2023-06-19T23:00,27.5,96,0.00,1002.5,6.8,0.0
2023-06-20T00:00,27.1,96,0.00,1002.3,5.6,0.0
2023-06-20T01:00,26.9,96,0.00,1001.7,6.4,0.0
2023-06-20T02:00,26.9,96,0.00,1001.3,6.4,0.0
2023-06-20T03:00,26.9,96,0.00,1001.2,6.8,0.0
2023-06-20T04:00,27.0,96,0.00,1001.4,6.8,0.0
2023-06-20T05:00,27.0,96,0.00,1001.3,7.1,0.0
2023-06-20T06:00,27.3,97,0.00,1002.0,6.6,14.0
2023-06-20T07:00,28.1,92,0.00,1002.1,9.7,72.0
2023-06-20T08:00,29.1,87,0.10,1002.3,11.0,125.0
2023-06-20T09:00,29.7,86,0.90,1002.5,9.6,225.0
2023-06-20T10:00,30.8,81,0.30,1002.9,11.9,303.0
2023-06-20T11:00,30.9,80,1.00,1002.5,11.5,286.0
2023-06-20T12:00,33.6,66,0.30,1002.6,8.3,338.0
2023-06-20T13:00,33.6,68,0.20,1001.8,8.3,315.0
2023-06-20T14:00,32.6,74,2.40,1000.5,8.7,261.0
2023-06-20T15:00,31.6,77,4.00,1000.5,9.1,244.0
2023-06-20T16:00,30.8,79,2.00,1000.3,9.0,209.0
2023-06-20T17:00,30.5,81,0.90,1000.1,8.6,170.0
2023-06-20T18:00,30.0,86,0.00,1000.3,6.3,89.0
2023-06-20T19:00,29.3,89,0.00,1000.7,7.1,16.0
2023-06-20T20:00,28.9,90,0.00,1001.6,8.0,0.0
2023-06-20T21:00,28.5,91,0.00,1002.0,9.4,0.0
2023-06-20T22:00,28.3,92,0.00,1002.8,9.8,0.0
2023-06-20T23:00,28.1,92,0.00,1002.7,9.3,0.0
2023-06-21T00:00,28.0,94,0.00,1002.4,6.4,0.0
2023-06-21T01:00,27.9,94,0.30,1002.1,7.0,0.0
2023-06-21T02:00,27.8,95,0.60,1002.0,6.4,0.0
2023-06-21T03:00,27.8,95,0.00,1001.9,6.3,0.0
2023-06-21T04:00,27.7,95,0.00,1001.7,6.9,0.0
2023-06-21T05:00,27.6,95,0.00,1001.3,6.8,0.0
2023-06-21T06:00,27.9,95,0.00,1001.8,5.4,14.0
2023-06-21T07:00,28.6,92,0.00,1002.2,8.4,79.0
2023-06-21T08:00,29.6,87,0.00,1002.9,9.5,139.0
2023-06-21T09:00,30.5,83,0.40,1002.9,11.5,202.0
2023-06-21T10:00,31.4,80,0.10,1003.3,11.2,303.0
2023-06-21T11:00,32.4,74,0.20,1003.2,11.2,360.0
2023-06-21T12:00,33.8,66,0.40,1002.7,7.9,353.0
2023-06-21T13:00,32.8,72,1.10,1002.4,8.7,279.0
2023-06-21T14:00,32.7,71,0.70,1001.6,8.9,281.0
2023-06-21T15:00,32.1,73,1.40,1000.8,10.5,295.0
2023-06-21T16:00,31.4,76,1.20,1000.2,10.9,264.0
2023-06-21T17:00,31.3,74,0.10,1000.0,10.7,197.0
2023-06-21T18:00,30.4,82,0.00,1001.0,5.7,97.0
2023-06-21T19:00,29.6,84,0.00,1001.6,6.7,17.0
2023-06-21T20:00,28.9,88,0.00,1002.2,7.5,0.0
2023-06-21T21:00,28.5,90,0.00,1002.7,8.1,0.0
2023-06-21T22:00,28.2,91,0.00,1003.3,8.4,0.0
2023-06-21T23:00,28.0,92,0.00,1003.3,8.8,0.0
2023-06-22T00:00,27.9,94,0.00,1003.2,5.5,0.0
2023-06-22T01:00,27.8,94,0.00,1002.8,5.8,0.0
2023-06-22T02:00,27.8,94,0.00,1002.4,6.2,0.0
2023-06-22T03:00,27.7,93,0.10,1002.3,6.5,0.0
2023-06-22T04:00,27.4,93,0.20,1002.2,6.5,0.0
2023-06-22T05:00,27.1,93,0.30,1002.3,6.8,0.0
2023-06-22T06:00,27.4,95,0.10,1003.0,5.4,17.0
2023-06-22T07:00,27.8,94,0.80,1003.6,6.0,84.0
2023-06-22T08:00,28.6,91,0.70,1004.0,7.3,145.0
2023-06-22T09:00,29.6,86,0.30,1004.1,9.4,249.0
2023-06-22T10:00,30.6,80,0.10,1004.1,10.4,238.0
2023-06-22T11:00,31.4,77,0.10,1003.9,10.7,298.0
2023-06-22T12:00,32.3,73,0.10,1003.4,7.2,247.0
2023-06-22T13:00,31.7,75,1.30,1002.7,9.0,230.0
2023-06-22T14:00,30.0,82,3.80,1002.4,9.5,216.0
2023-06-22T15:00,30.3,83,0.30,1001.6,8.2,225.0
2023-06-22T16:00,30.5,79,0.10,1000.6,9.8,237.0
2023-06-22T17:00,30.4,77,0.00,1000.4,10.8,167.0
2023-06-22T18:00,29.1,86,0.00,1000.8,6.1,90.0
2023-06-22T19:00,28.5,88,0.00,1001.4,5.7,19.0
2023-06-22T20:00,28.1,91,0.00,1002.0,4.9,0.0
2023-06-22T21:00,27.8,92,0.00,1003.1,5.5,0.0
2023-06-22T22:00,27.5,92,0.00,1003.4,5.9,0.0
2023-06-22T23:00,27.2,93,0.00,1003.3,5.9,0.0
2023-06-23T00:00,27.1,94,0.00,1002.8,4.1,0.0
2023-06-23T01:00,26.9,95,0.00,1002.4,4.8,0.0
2023-06-23T02:00,26.8,95,0.00,1002.0,5.6,0.0
2023-06-23T03:00,26.7,94,0.00,1002.0,5.6,0.0
2023-06-23T04:00,26.6,94,0.00,1001.7,5.1,0.0
2023-06-23T05:00,26.5,95,0.00,1001.9,5.6,0.0
2023-06-23T06:00,26.6,95,0.00,1002.2,5.0,17.0
2023-06-23T07:00,27.2,92,0.10,1002.8,6.4,81.0
2023-06-23T08:00,28.2,88,0.20,1003.0,7.0,136.0
2023-06-23T09:00,29.2,85,0.40,1003.0,8.2,228.0
2023-06-23T10:00,30.2,80,0.00,1002.8,8.6,245.0
2023-06-23T11:00,30.9,77,0.10,1002.1,8.9,283.0
2023-06-23T12:00,31.8,73,0.10,1001.9,9.1,265.0
2023-06-23T13:00,31.9,74,0.30,1001.0,11.1,302.0
2023-06-23T14:00,30.6,79,1.90,1000.7,10.5,225.0
2023-06-23T15:00,31.5,74,0.20,999.7,10.1,211.0
2023-06-23T16:00,30.4,77,0.90,999.2,11.3,172.0
2023-06-23T17:00,30.2,77,0.10,998.8,10.5,104.0
2023-06-23T18:00,29.8,82,0.20,999.2,7.1,69.0
2023-06-23T19:00,28.8,87,0.00,999.7,6.0,14.0
2023-06-23T20:00,28.2,90,0.00,1000.2,6.2,0.0
2023-06-23T21:00,27.9,92,0.00,1000.8,6.4,0.0
2023-06-23T22:00,27.6,93,0.00,1001.3,6.6,0.0
2023-06-23T23:00,27.4,94,0.00,1001.2,6.8,0.0
2023-06-24T00:00,27.4,95,0.00,1001.0,5.5,0.0
2023-06-24T01:00,27.2,95,0.00,1000.4,6.6,0.0
2023-06-24T02:00,27.0,95,0.80,1000.1,6.6,0.0
2023-06-24T03:00,26.7,95,0.80,999.9,6.6,0.0
2023-06-24T04:00,26.5,95,0.80,999.6,6.8,0.0
2023-06-24T05:00,26.3,95,0.80,999.5,6.9,0.0
2023-06-24T06:00,26.7,96,1.00,999.7,6.8,9.0
2023-06-24T07:00,27.1,94,0.40,1000.3,9.1,68.0
2023-06-24T08:00,27.8,92,0.20,1000.5,8.9,147.0
2023-06-24T09:00,28.7,89,1.20,1001.0,10.0,242.0
2023-06-24T10:00,29.2,86,0.60,1001.2,11.7,287.0
2023-06-24T11:00,29.4,86,0.60,1000.8,10.4,264.0
2023-06-24T12:00,31.7,76,1.10,1000.9,9.5,252.0
2023-06-24T13:00,31.9,74,0.20,1000.3,11.7,278.0
2023-06-24T14:00,32.1,72,0.30,999.9,11.3,259.0
2023-06-24T15:00,30.7,78,0.80,999.7,12.6,177.0
2023-06-24T16:00,29.9,79,0.20,999.2,12.1,155.0
2023-06-24T17:00,30.2,77,0.00,999.0,11.6,164.0
2023-06-24T18:00,30.4,75,0.00,999.0,9.9,82.0
2023-06-24T19:00,29.2,82,0.00,999.8,8.2,17.0
2023-06-24T20:00,28.5,86,0.00,1000.6,7.4,0.0
2023-06-24T21:00,28.0,88,0.00,1001.3,8.1,0.0
2023-06-24T22:00,27.7,89,0.00,1001.5,8.7,0.0
2023-06-24T23:00,27.4,91,0.00,1001.5,8.8,0.0
2023-06-25T00:00,27.5,91,0.00,1001.4,7.1,0.0
2023-06-25T01:00,27.4,91,0.00,1001.1,7.6,0.0
2023-06-25T02:00,27.2,92,0.00,1000.5,8.2,0.0
2023-06-25T03:00,26.9,91,0.30,1000.5,8.9,0.0
2023-06-25T04:00,26.6,92,0.40,1000.3,8.7,0.0
2023-06-25T05:00,26.5,93,0.00,1000.4,8.6,0.0
2023-06-25T06:00,26.6,94,0.40,1000.5,8.3,9.0
2023-06-25T07:00,27.4,90,0.20,1001.5,12.1,70.0
2023-06-25T08:00,28.2,88,0.30,1001.8,10.5,128.0
2023-06-25T09:00,29.0,85,0.50,1001.9,14.0,172.0
2023-06-25T10:00,29.9,82,0.10,1001.6,14.0,189.0
2023-06-25T11:00,30.3,78,0.40,1001.4,13.6,254.0
2023-06-25T12:00,29.4,81,0.20,1001.8,14.8,224.0
2023-06-25T13:00,30.4,77,0.20,1001.2,15.1,321.0
2023-06-25T14:00,29.5,79,0.30,1000.8,16.0,287.0
2023-06-25T15:00,28.5,83,0.30,1000.1,14.5,148.0
2023-06-25T16:00,28.4,84,0.10,999.7,13.5,153.0
2023-06-25T17:00,28.0,86,0.00,999.5,13.5,102.0
2023-06-25T18:00,29.2,81,0.00,999.6,11.5,61.0
2023-06-25T19:00,28.4,84,0.00,1000.2,10.4,13.0
2023-06-25T20:00,28.0,86,0.10,1001.3,10.0,0.0
2023-06-25T21:00,27.6,88,0.20,1002.0,10.3,0.0
2023-06-25T22:00,27.4,90,0.00,1002.4,10.0,0.0
2023-06-25T23:00,27.1,91,0.00,1002.1,9.6,0.0
2023-06-26T00:00,27.1,92,1.10,1001.8,8.5,0.0
2023-06-26T01:00,26.9,93,0.60,1001.3,8.9,0.0
2023-06-26T02:00,26.7,93,0.50,1001.0,9.2,0.0
2023-06-26T03:00,26.5,93,0.40,1000.8,8.9,0.0
2023-06-26T04:00,26.4,94,0.60,1000.4,8.9,0.0
2023-06-26T05:00,26.3,94,0.10,1000.4,8.5,0.0
2023-06-26T06:00,26.2,95,0.50,1000.6,7.2,13.0
2023-06-26T07:00,26.6,93,0.40,1001.5,8.5,57.0
2023-06-26T08:00,27.3,91,0.50,1002.1,9.4,107.0
2023-06-26T09:00,28.7,87,0.30,1002.4,10.5,208.0
2023-06-26T10:00,30.2,79,0.10,1001.9,12.5,256.0
2023-06-26T11:00,30.0,79,0.50,1001.5,13.6,303.0
2023-06-26T12:00,28.9,86,4.50,1001.4,11.2,257.0
2023-06-26T13:00,28.1,88,1.40,1001.2,11.2,173.0
2023-06-26T14:00,28.1,86,1.00,1001.0,13.2,194.0
2023-06-26T15:00,28.0,84,0.30,1000.2,11.1,192.0
2023-06-26T16:00,27.8,84,0.10,999.6,11.6,190.0
2023-06-26T17:00,27.0,87,0.20,999.7,11.0,91.0
2023-06-26T18:00,27.2,90,0.00,999.9,8.6,55.0
2023-06-26T19:00,26.9,91,0.00,1000.5,7.4,9.0
2023-06-26T20:00,26.7,92,0.00,1001.1,6.9,0.0
2023-06-26T21:00,26.6,94,0.00,1001.7,7.1,0.0
2023-06-26T22:00,26.5,94,0.00,1002.1,7.1,0.0
2023-06-26T23:00,26.4,94,0.00,1002.1,7.1,0.0
2023-06-27T00:00,26.4,95,0.20,1001.6,6.6,0.0
2023-06-27T01:00,26.2,96,0.30,1001.4,6.2,0.0
2023-06-27T02:00,26.1,96,1.00,1001.0,7.4,0.0
2023-06-27T03:00,26.1,96,1.80,1000.7,7.7,0.0
2023-06-27T04:00,25.9,96,0.80,1000.3,8.7,0.0
2023-06-27T05:00,26.0,96,0.30,1000.4,8.0,0.0
2023-06-27T06:00,25.8,97,1.00,1000.4,6.9,5.0
2023-06-27T07:00,25.9,97,0.90,1001.4,7.2,27.0
2023-06-27T08:00,26.2,96,1.20,1001.9,7.6,73.0
2023-06-27T09:00,26.7,95,1.20,1002.2,9.0,90.0
2023-06-27T10:00,27.3,93,0.90,1002.0,9.6,191.0
2023-06-27T11:00,27.4,94,2.30,1001.8,10.1,128.0
2023-06-27T12:00,28.5,90,0.20,1002.1,9.8,266.0
2023-06-27T13:00,28.4,88,1.30,1002.0,10.8,199.0
2023-06-27T14:00,27.9,91,2.10,1001.8,10.6,161.0
2023-06-27T15:00,28.5,90,0.30,1001.1,10.0,190.0
2023-06-27T16:00,27.5,90,2.30,1000.6,13.0,100.0
2023-06-27T17:00,27.4,92,0.80,1000.5,8.9,67.0
2023-06-27T18:00,27.3,93,0.90,1001.2,8.1,32.0
2023-06-27T19:00,26.9,92,0.30,1002.0,8.7,13.0
2023-06-27T20:00,26.7,94,0.00,1002.9,7.4,0.0
2023-06-27T21:00,26.7,95,0.00,1003.5,7.7,0.0
2023-06-27T22:00,26.5,95,0.00,1004.1,8.0,0.0
2023-06-27T23:00,26.4,95,0.00,1004.1,6.9,0.0
2023-06-28T00:00,26.5,96,0.00,1003.5,6.1,0.0
2023-06-28T01:00,26.4,96,1.00,1003.3,6.6,0.0
2023-06-28T02:00,26.2,96,1.40,1002.9,7.3,0.0
2023-06-28T03:00,26.2,96,1.40,1002.9,7.9,0.0
2023-06-28T04:00,26.1,96,1.40,1002.6,7.1,0.0
2023-06-28T05:00,26.0,96,1.50,1002.8,7.3,0.0
2023-06-28T06:00,26.4,96,1.40,1003.3,6.8,8.0
2023-06-28T07:00,26.6,95,1.70,1004.2,8.2,41.0
2023-06-28T08:00,26.9,94,2.00,1004.8,9.2,90.0
2023-06-28T09:00,27.4,93,1.70,1005.4,9.6,144.0
2023-06-28T10:00,28.1,91,0.50,1005.2,9.9,220.0
2023-06-28T11:00,28.6,87,1.30,1004.8,13.7,295.0
2023-06-28T12:00,28.4,90,1.30,1004.7,9.8,295.0
2023-06-28T13:00,28.6,88,1.50,1004.2,11.5,268.0
2023-06-28T14:00,28.5,89,0.90,1004.0,11.3,201.0
2023-06-28T15:00,28.3,89,1.70,1003.7,9.7,148.0
2023-06-28T16:00,28.8,86,0.50,1003.1,11.9,221.0
2023-06-28T17:00,27.6,89,0.60,1003.0,10.5,105.0
2023-06-28T18:00,27.0,94,0.20,1003.1,6.8,86.0
2023-06-28T19:00,26.7,95,0.10,1003.5,6.4,11.0
2023-06-28T20:00,26.6,96,0.00,1004.0,6.3,0.0
2023-06-28T21:00,26.5,96,0.00,1004.6,7.2,0.0
2023-06-28T22:00,26.5,96,0.00,1005.0,7.2,0.0
2023-06-28T23:00,26.5,96,0.00,1004.9,6.6,0.0
2023-06-29T00:00,26.4,97,0.20,1005.4,5.3,0.0
2023-06-29T01:00,26.3,97,1.20,1004.6,6.0,0.0
2023-06-29T02:00,26.2,97,1.40,1004.4,6.3,0.0
2023-06-29T03:00,26.1,97,1.30,1004.1,6.4,0.0
2023-06-29T04:00,26.0,97,1.30,1003.8,6.8,0.0
2023-06-29T05:00,25.9,97,1.60,1003.7,6.3,0.0
2023-06-29T06:00,26.4,97,1.40,1003.6,5.7,9.0
2023-06-29T07:00,26.6,96,1.90,1004.5,6.3,50.0
2023-06-29T08:00,27.2,95,1.50,1005.0,7.8,138.0
2023-06-29T09:00,27.5,94,3.50,1005.6,8.4,156.0
2023-06-29T10:00,28.0,92,2.20,1005.2,9.1,264.0
2023-06-29T11:00,28.6,89,1.00,1004.8,11.2,324.0
2023-06-29T12:00,28.4,90,1.10,1005.2,9.1,328.0
2023-06-29T13:00,28.1,92,2.60,1004.4,8.7,270.0
2023-06-29T14:00,27.9,92,1.80,1004.0,8.4,213.0
2023-06-29T15:00,27.7,92,1.10,1003.3,7.6,191.0
2023-06-29T16:00,27.8,92,1.10,1002.7,8.0,171.0
2023-06-29T17:00,27.9,91,0.00,1002.4,6.9,146.0
2023-06-29T18:00,27.5,93,0.00,1002.8,5.4,94.0
2023-06-29T19:00,27.1,96,0.00,1003.0,4.8,19.0
2023-06-29T20:00,26.8,97,0.00,1003.8,5.0,0.0
2023-06-29T21:00,26.6,97,0.00,1004.4,5.5,0.0
2023-06-29T22:00,26.5,98,0.00,1004.7,5.6,0.0
2023-06-29T23:00,26.5,98,0.00,1004.4,5.6,0.0
2023-06-30T00:00,26.4,97,0.00,1004.6,4.6,0.0
2023-06-30T01:00,26.3,97,0.40,1003.7,4.2,0.0
2023-06-30T02:00,26.1,98,1.10,1003.2,4.8,0.0
2023-06-30T03:00,26.0,98,0.90,1002.9,5.0,0.0
2023-06-30T04:00,26.1,98,0.30,1002.9,5.4,0.0
2023-06-30T05:00,26.1,98,0.00,1002.9,6.3,0.0
2023-06-30T06:00,26.9,97,0.00,1003.2,6.0,10.0
2023-06-30T07:00,27.2,96,2.30,1003.6,7.1,63.0
2023-06-30T08:00,27.8,94,1.80,1004.0,8.8,138.0
2023-06-30T09:00,28.5,93,2.30,1004.4,7.7,231.0
2023-06-30T10:00,29.4,91,1.20,1004.3,7.9,310.0
2023-06-30T11:00,30.3,87,0.40,1003.7,9.1,392.0
2023-06-30T12:00,32.2,77,2.40,1003.4,8.7,330.0
2023-06-30T13:00,32.6,73,0.40,1002.9,9.7,367.0
2023-06-30T14:00,31.4,76,3.20,1001.6,10.8,264.0
2023-06-30T15:00,31.2,78,1.30,1001.4,7.9,243.0
2023-06-30T16:00,30.9,78,1.40,1000.8,9.1,242.0
2023-06-30T17:00,30.0,81,1.30,1000.7,7.2,164.0
2023-06-30T18:00,29.1,90,0.00,1001.5,2.5,109.0
2023-06-30T19:00,28.7,92,0.30,1001.6,4.0,15.0
2023-06-30T20:00,28.1,94,0.00,1002.4,4.3,0.0
2023-06-30T21:00,27.8,95,0.00,1002.4,4.3,0.0
2023-06-30T22:00,27.7,95,0.00,1002.8,5.2,0.0
2023-06-30T23:00,27.5,96,0.00,1002.4,5.8,0.0
2023-07-01T00:00,26.7,97,0.00,1003.2,3.9,0.0
2023-07-01T01:00,26.7,97,0.20,1002.6,2.9,0.0
2023-07-01T02:00,26.6,97,1.20,1002.2,2.9,0.0
2023-07-01T03:00,26.4,97,1.60,1002.2,3.4,0.0
2023-07-01T04:00,26.3,97,0.90,1001.9,4.1,0.0
2023-07-01T05:00,26.3,97,0.70,1001.9,4.1,0.0
2023-07-01T06:00,26.7,97,1.90,1002.4,4.8,8.0
2023-07-01T07:00,27.0,97,1.80,1003.1,4.6,49.0
2023-07-01T08:00,27.8,95,1.80,1003.8,5.8,130.0
2023-07-01T09:00,28.3,93,1.80,1004.2,5.9,167.0
2023-07-01T10:00,29.3,90,0.40,1004.0,7.2,282.0
2023-07-01T11:00,30.5,85,0.40,1003.4,8.4,361.0
2023-07-01T12:00,32.6,74,0.60,1003.5,6.9,312.0
2023-07-01T13:00,32.7,72,0.50,1002.6,7.2,347.0
2023-07-01T14:00,32.8,72,1.00,1001.9,8.4,298.0
2023-07-01T15:00,31.5,76,3.50,1001.4,11.1,272.0
2023-07-01T16:00,31.1,79,1.30,1000.9,8.6,249.0
2023-07-01T17:00,30.8,80,1.20,1000.8,7.9,174.0
2023-07-01T18:00,29.3,89,1.30,1001.7,1.9,78.0
2023-07-01T19:00,28.8,92,0.30,1002.8,2.6,12.0
2023-07-01T20:00,28.3,93,0.60,1003.0,2.8,0.0
2023-07-01T21:00,28.1,94,0.00,1003.5,3.6,0.0
2023-07-01T22:00,27.9,95,0.00,1003.4,5.0,0.0
2023-07-01T23:00,27.8,95,0.00,1003.5,5.2,0.0
2023-07-02T00:00,27.5,96,0.00,1003.5,4.0,0.0
2023-07-02T01:00,27.3,97,0.00,1002.9,4.5,0.0
2023-07-02T02:00,27.1,97,0.00,1002.6,4.8,0.0
2023-07-02T03:00,27.0,98,0.00,1002.2,4.7,0.0
2023-07-02T04:00,26.9,98,0.00,1002.1,4.2,0.0
2023-07-02T05:00,26.8,98,0.70,1001.9,4.3,0.0
2023-07-02T06:00,27.5,97,0.30,1002.1,5.2,13.0
2023-07-02T07:00,28.4,94,0.00,1002.7,8.9,79.0
2023-07-02T08:00,28.9,92,1.90,1003.2,7.9,126.0
2023-07-02T09:00,29.9,88,1.20,1003.6,8.0,249.0
2023-07-02T10:00,31.0,83,0.30,1003.0,9.2,347.0
2023-07-02T11:00,31.8,79,0.20,1002.0,9.7,313.0
2023-07-02T12:00,33.6,69,0.20,1002.2,6.9,332.0
2023-07-02T13:00,34.0,67,0.20,1001.3,7.3,298.0
2023-07-02T14:00,34.1,67,0.20,1000.4,6.9,276.0
2023-07-02T15:00,32.1,75,3.30,1000.0,8.4,241.0
2023-07-02T16:00,30.7,80,3.80,1000.5,6.8,168.0
2023-07-02T17:00,30.0,85,1.50,1000.2,2.9,98.0
2023-07-02T18:00,29.8,87,1.10,1000.9,2.4,55.0
2023-07-02T19:00,29.3,89,0.10,1001.5,1.8,11.0
2023-07-02T20:00,29.0,90,0.00,1002.1,3.9,0.0
2023-07-02T21:00,28.7,91,0.00,1002.7,5.5,0.0
2023-07-02T22:00,28.4,91,0.00,1002.9,6.5,0.0
2023-07-02T23:00,28.0,93,0.00,1002.8,6.5,0.0
2023-07-03T00:00,28.0,94,0.00,1002.4,4.8,0.0
2023-07-03T01:00,27.8,95,0.00,1002.0,4.9,0.0
2023-07-03T02:00,27.7,96,0.00,1001.8,5.4,0.0
2023-07-03T03:00,27.6,97,0.00,1001.9,5.5,0.0
2023-07-03T04:00,27.6,97,0.00,1001.8,5.8,0.0
2023-07-03T05:00,27.6,97,0.00,1001.9,6.4,0.0
2023-07-03T06:00,28.1,96,0.00,1002.2,5.4,15.0
2023-07-03T07:00,28.8,93,0.30,1003.0,7.3,79.0
2023-07-03T08:00,29.5,90,0.90,1003.6,7.9,143.0
2023-07-03T09:00,30.4,85,0.60,1003.7,9.0,214.0
2023-07-03T10:00,31.5,80,0.10,1003.6,9.0,276.0
2023-07-03T11:00,32.5,73,0.10,1002.9,9.4,346.0
2023-07-03T12:00,33.8,67,0.10,1002.9,7.3,377.0
2023-07-03T13:00,34.2,63,0.00,1001.7,7.7,364.0
2023-07-03T14:00,34.1,63,0.10,1001.1,7.3,305.0
2023-07-03T15:00,33.7,66,0.00,1000.6,7.9,213.0
2023-07-03T16:00,32.4,73,1.30,1000.1,7.4,176.0
2023-07-03T17:00,32.2,72,0.20,999.8,7.9,159.0
2023-07-03T18:00,31.7,78,0.00,1000.4,4.2,97.0
2023-07-03T19:00,30.5,84,0.80,1001.2,3.1,18.0
2023-07-03T20:00,29.9,87,0.20,1002.0,3.1,0.0
2023-07-03T21:00,29.5,87,0.00,1002.5,4.4,0.0
2023-07-03T22:00,29.1,87,0.00,1002.6,6.0,0.0
2023-07-03T23:00,28.6,89,0.00,1002.3,6.6,0.0
2023-07-04T00:00,28.3,92,0.00,1002.4,4.7,0.0
2023-07-04T01:00,28.1,94,0.00,1001.9,4.4,0.0
2023-07-04T02:00,27.8,95,0.00,1001.5,4.0,0.0
2023-07-04T03:00,27.7,96,0.00,1001.8,4.0,0.0
2023-07-04T04:00,27.6,96,0.00,1001.6,4.4,0.0
2023-07-04T05:00,27.5,96,0.00,1001.6,4.1,0.0
2023-07-04T06:00,27.8,96,0.00,1001.6,3.2,16.0
2023-07-04T07:00,28.4,92,0.20,1002.5,5.2,77.0
2023-07-04T08:00,29.3,88,0.20,1002.8,6.4,125.0
2023-07-04T09:00,30.3,82,0.20,1002.9,7.2,199.0
2023-07-04T10:00,31.2,78,0.10,1002.6,7.2,234.0
2023-07-04T11:00,32.4,72,0.10,1002.5,7.9,300.0
2023-07-04T12:00,34.4,59,0.10,1001.8,7.0,299.0
2023-07-04T13:00,35.1,56,0.00,1001.3,7.9,291.0
2023-07-04T14:00,35.0,56,0.00,1000.5,7.9,251.0
2023-07-04T15:00,34.8,56,0.00,999.4,7.9,239.0
2023-07-04T16:00,33.9,61,0.00,998.5,9.5,196.0
2023-07-04T17:00,32.5,72,0.80,998.2,7.7,140.0
2023-07-04T18:00,32.2,75,0.60,998.8,6.1,89.0
2023-07-04T19:00,30.7,81,0.50,999.8,4.2,17.0
2023-07-04T20:00,30.0,84,0.00,1000.5,5.3,0.0
2023-07-04T21:00,29.4,85,0.00,1001.4,6.0,0.0
2023-07-04T22:00,29.0,87,0.00,1001.8,6.3,0.0
2023-07-04T23:00,28.6,88,0.00,1001.6,6.3,0.0
2023-07-05T00:00,28.3,92,0.00,1001.3,3.8,0.0
2023-07-05T01:00,27.9,94,0.00,1000.9,4.2,0.0
2023-07-05T02:00,27.7,95,0.00,1000.8,4.3,0.0
2023-07-05T03:00,27.6,96,0.00,1000.4,5.0,0.0
2023-07-05T04:00,27.6,95,0.00,1000.1,5.6,0.0
2023-07-05T05:00,27.5,95,0.00,1000.1,5.6,0.0
2023-07-05T06:00,27.6,96,0.00,1000.2,4.8,13.0
2023-07-05T07:00,28.2,92,0.10,1000.9,7.2,81.0
2023-07-05T08:00,29.2,85,0.00,1001.2,9.1,142.0
2023-07-05T09:00,29.9,81,0.10,1001.4,10.1,231.0
2023-07-05T10:00,30.4,78,0.10,1001.3,9.7,305.0
2023-07-05T11:00,31.7,73,0.10,1001.0,10.2,373.0
2023-07-05T12:00,32.9,69,0.10,1000.2,8.5,266.0
2023-07-05T13:00,32.5,71,0.70,999.7,10.8,238.0
2023-07-05T14:00,31.4,74,2.20,999.3,10.0,223.0
2023-07-05T15:00,32.2,71,0.40,999.1,11.0,265.0
2023-07-05T16:00,30.4,77,2.50,998.7,10.7,132.0
2023-07-05T17:00,31.1,74,0.00,998.5,11.6,155.0
2023-07-05T18:00,30.5,78,0.50,998.5,9.0,85.0
2023-07-05T19:00,29.2,83,0.20,999.3,8.0,20.0
2023-07-05T20:00,28.5,87,0.10,1000.1,7.6,0.0
2023-07-05T21:00,28.1,89,0.00,1000.8,7.4,0.0
2023-07-05T22:00,27.9,90,0.00,1001.4,7.9,0.0
2023-07-05T23:00,27.6,91,0.10,1001.8,8.2,0.0
2023-07-06T00:00,27.5,92,0.80,1001.4,6.9,0.0
2023-07-06T01:00,27.3,94,0.00,1000.8,6.6,0.0
2023-07-06T02:00,27.3,94,0.10,1000.5,7.9,0.0
2023-07-06T03:00,27.1,94,0.30,1000.5,8.2,0.0
2023-07-06T04:00,27.0,94,0.70,1000.7,8.2,0.0
2023-07-06T05:00,26.8,94,0.40,1000.8,7.9,0.0
2023-07-06T06:00,27.0,95,0.20,1001.2,7.0,10.0
2023-07-06T07:00,27.3,94,1.10,1001.8,8.4,55.0
2023-07-06T08:00,28.1,92,0.60,1002.2,9.7,119.0
2023-07-06T09:00,28.2,90,0.80,1003.0,10.6,144.0
2023-07-06T10:00,29.0,88,0.20,1003.1,10.3,248.0
2023-07-06T11:00,30.4,83,0.10,1002.6,13.0,363.0
2023-07-06T12:00,31.4,76,2.60,1001.8,11.8,247.0
2023-07-06T13:00,30.5,81,2.30,1001.8,11.8,248.0
2023-07-06T14:00,31.2,76,0.00,1001.3,11.2,311.0
2023-07-06T15:00,29.9,81,2.30,1001.4,13.6,170.0
2023-07-06T16:00,29.5,85,1.10,1001.2,9.3,77.0
2023-07-06T17:00,29.1,85,1.10,1000.8,12.6,124.0
2023-07-06T18:00,29.0,87,0.40,1000.8,7.8,56.0
2023-07-06T19:00,28.2,91,0.80,1001.8,8.5,12.0
2023-07-06T20:00,27.9,91,0.20,1003.2,9.0,0.0
2023-07-06T21:00,27.6,92,0.00,1004.3,8.4,0.0
2023-07-06T22:00,27.5,93,0.00,1004.9,8.2,0.0
2023-07-06T23:00,27.4,93,0.00,1004.8,8.2,0.0
2023-07-07T00:00,27.5,94,0.00,1003.7,6.1,0.0
2023-07-07T01:00,27.3,94,0.50,1003.2,6.9,0.0
2023-07-07T02:00,27.2,95,0.90,1003.2,7.4,0.0
2023-07-07T03:00,27.0,94,0.90,1003.1,8.2,0.0
2023-07-07T04:00,26.9,94,0.80,1003.2,7.7,0.0
2023-07-07T05:00,26.7,95,0.90,1002.9,7.7,0.0
2023-07-07T06:00,27.0,96,0.50,1002.8,5.9,9.0
2023-07-07T07:00,27.2,95,1.00,1003.7,6.9,56.0
2023-07-07T08:00,27.7,94,1.60,1004.6,8.0,92.0
2023-07-07T09:00,28.6,92,0.20,1005.1,8.7,195.0
2023-07-07T10:00,29.7,87,0.20,1005.0,12.1,307.0
2023-07-07T11:00,29.8,86,1.00,1004.6,12.1,313.0
2023-07-07T12:00,30.6,84,0.30,1004.0,9.8,276.0
2023-07-07T13:00,31.0,82,0.30,1003.3,9.8,241.0
2023-07-07T14:00,31.3,77,0.90,1003.0,12.6,230.0
2023-07-07T15:00,30.0,83,2.00,1002.9,11.5,154.0
2023-07-07T16:00,30.2,82,0.80,1002.5,12.2,197.0
2023-07-07T17:00,29.4,84,1.10,1002.2,11.8,105.0
2023-07-07T18:00,30.0,82,0.50,1002.3,8.7,57.0
2023-07-07T19:00,28.8,87,0.70,1003.3,7.4,15.0
2023-07-07T20:00,28.2,90,0.00,1004.1,7.5,0.0
2023-07-07T21:00,27.9,92,0.00,1004.9,7.6,0.0
2023-07-07T22:00,27.6,93,0.00,1005.5,7.3,0.0
2023-07-07T23:00,27.4,94,0.00,1005.3,7.0,0.0
2023-07-08T00:00,27.5,94,0.10,1005.3,5.4,0.0
2023-07-08T01:00,27.2,95,0.20,1004.5,6.1,0.0
2023-07-08T02:00,27.1,95,0.40,1004.3,6.1,0.0
2023-07-08T03:00,26.9,95,0.10,1003.8,6.9,0.0
2023-07-08T04:00,26.8,95,0.10,1003.9,7.2,0.0
2023-07-08T05:00,26.6,95,0.30,1003.8,6.9,0.0
2023-07-08T06:00,26.8,95,0.00,1004.8,6.4,11.0
2023-07-08T07:00,27.2,94,0.20,1005.0,7.9,72.0
2023-07-08T08:00,28.0,91,0.40,1005.9,9.0,164.0
2023-07-08T09:00,28.8,88,0.70,1006.0,10.3,235.0
2023-07-08T10:00,29.4,83,0.50,1006.0,12.1,276.0
2023-07-08T11:00,30.2,80,0.40,1005.4,10.4,293.0
2023-07-08T12:00,32.0,74,0.10,1005.0,9.6,328.0
2023-07-08T13:00,31.7,73,0.70,1004.3,11.4,274.0
2023-07-08T14:00,32.0,71,0.00,1004.0,11.0,234.0
2023-07-08T15:00,31.1,74,0.90,1003.7,11.4,162.0
2023-07-08T16:00,30.8,74,0.40,1002.8,11.5,173.0
2023-07-08T17:00,30.5,75,0.10,1002.2,10.6,130.0
2023-07-08T18:00,30.2,77,0.00,1002.4,8.2,84.0
2023-07-08T19:00,29.4,81,0.00,1002.8,6.9,19.0
2023-07-08T20:00,28.7,85,0.00,1003.6,6.5,0.0
2023-07-08T21:00,28.2,88,0.00,1004.8,6.5,0.0
2023-07-08T22:00,27.9,90,0.00,1005.4,6.5,0.0
2023-07-08T23:00,27.6,92,0.00,1005.1,6.5,0.0
2023-07-09T00:00,27.5,93,0.00,1004.6,4.6,0.0
2023-07-09T01:00,27.4,93,0.10,1004.3,5.6,0.0
2023-07-09T02:00,27.1,93,0.20,1003.7,5.4,0.0
2023-07-09T03:00,27.0,94,0.20,1003.7,5.2,0.0
2023-07-09T04:00,26.8,94,0.30,1003.2,4.8,0.0
2023-07-09T05:00,26.8,95,0.00,1003.4,4.1,0.0
2023-07-09T06:00,27.1,95,0.00,1004.0,2.9,13.0
2023-07-09T07:00,27.6,93,0.30,1004.7,4.1,79.0
2023-07-09T08:00,28.2,91,0.80,1005.1,4.7,160.0
2023-07-09T09:00,28.8,88,0.60,1004.9,4.7,236.0
2023-07-09T10:00,30.0,84,0.50,1005.0,5.5,263.0
2023-07-09T11:00,31.4,77,0.10,1004.5,5.6,299.0
2023-07-09T12:00,33.4,66,0.10,1004.2,5.4,338.0
2023-07-09T13:00,33.5,65,0.10,1003.5,6.5,303.0
2023-07-09T14:00,33.4,65,0.00,1002.9,6.6,234.0
2023-07-09T15:00,33.8,63,0.00,1002.1,6.7,226.0
2023-07-09T16:00,32.5,70,1.10,1001.5,10.4,208.0
2023-07-09T17:00,31.9,73,0.60,1000.9,8.8,157.0
2023-07-09T18:00,31.7,77,0.00,1001.4,5.0,92.0
2023-07-09T19:00,30.6,80,0.60,1001.9,4.6,20.0
2023-07-09T20:00,30.0,83,0.00,1003.0,5.9,0.0
2023-07-09T21:00,29.4,84,0.00,1003.6,6.4,0.0
2023-07-09T22:00,28.9,87,0.00,1004.4,6.7,0.0
2023-07-09T23:00,28.5,90,0.00,1004.2,6.6,0.0
2023-07-10T00:00,28.5,92,0.00,1003.5,5.0,0.0
2023-07-10T01:00,28.2,94,0.00,1003.1,5.0,0.0
2023-07-10T02:00,28.0,95,0.00,1002.7,4.9,0.0
2023-07-10T03:00,27.8,96,0.00,1002.6,4.9,0.0
2023-07-10T04:00,27.6,95,0.20,1002.4,6.2,0.0
2023-07-10T05:00,27.5,94,0.50,1002.6,6.1,0.0
2023-07-10T06:00,27.9,94,0.10,1002.7,5.1,11.0
2023-07-10T07:00,28.2,92,0.50,1003.6,6.2,67.0
2023-07-10T08:00,28.8,90,0.70,1004.1,7.3,153.0
2023-07-10T09:00,29.4,87,0.70,1004.4,7.9,255.0
2023-07-10T10:00,29.8,85,0.70,1004.0,8.8,285.0
2023-07-10T11:00,30.6,81,0.20,1003.5,9.1,366.0
2023-07-10T12:00,32.9,69,0.10,1003.2,7.3,318.0
2023-07-10T13:00,33.2,68,0.10,1002.8,8.7,291.0
2023-07-10T14:00,31.8,74,1.80,1002.7,10.2,213.0
2023-07-10T15:00,32.2,71,0.40,1002.1,9.6,205.0
2023-07-10T16:00,32.2,69,0.00,1001.3,10.9,191.0
2023-07-10T17:00,31.4,73,0.00,1001.0,10.1,172.0
2023-07-10T18:00,30.1,82,0.00,1001.2,7.5,96.0
2023-07-10T19:00,29.3,85,0.00,1001.9,6.6,22.0
2023-07-10T20:00,28.7,89,0.00,1002.7,6.3,0.0
2023-07-10T21:00,28.2,91,0.00,1003.4,7.6,0.0
2023-07-10T22:00,28.0,91,0.00,1003.8,7.4,0.0
2023-07-10T23:00,27.8,92,0.00,1003.7,7.6,0.0
2023-07-11T00:00,27.8,93,0.00,1003.9,6.1,0.0
2023-07-11T01:00,27.6,94,0.50,1003.4,6.6,0.0
2023-07-11T02:00,27.4,94,0.40,1003.3,6.0,0.0
2023-07-11T03:00,27.2,95,0.40,1003.0,6.3,0.0
2023-07-11T04:00,27.1,95,0.70,1003.2,6.7,0.0
2023-07-11T05:00,26.9,95,0.90,1003.2,7.0,0.0
2023-07-11T06:00,27.4,95,0.30,1003.0,5.3,11.0
2023-07-11T07:00,27.9,94,0.30,1003.6,6.8,89.0
2023-07-11T08:00,28.6,92,1.10,1004.4,8.0,160.0
2023-07-11T09:00,29.8,88,0.40,1005.0,9.0,239.0
2023-07-11T10:00,30.3,83,0.60,1004.4,10.3,259.0
2023-07-11T11:00,31.0,81,0.50,1003.9,9.3,286.0
2023-07-11T12:00,32.3,71,0.60,1003.4,8.3,346.0
2023-07-11T13:00,32.6,70,0.10,1003.3,9.7,286.0
2023-07-11T14:00,31.9,72,0.50,1003.1,10.8,280.0
2023-07-11T15:00,32.3,69,0.00,1002.6,10.4,281.0
2023-07-11T16:00,31.7,69,0.00,1001.6,10.8,257.0
2023-07-11T17:00,31.0,71,0.00,1001.1,11.3,180.0
2023-07-11T18:00,30.4,76,0.00,1001.7,8.7,104.0
2023-07-11T19:00,29.3,82,0.00,1002.2,7.3,20.0
2023-07-11T20:00,28.7,87,0.00,1003.1,6.4,0.0
2023-07-11T21:00,28.3,89,0.00,1003.9,6.8,0.0
2023-07-11T22:00,28.1,90,0.00,1004.2,7.5,0.0
2023-07-11T23:00,27.8,91,0.00,1004.2,7.4,0.0
2023-07-12T00:00,27.8,92,0.00,1004.3,5.9,0.0
2023-07-12T01:00,27.7,92,0.00,1004.1,6.4,0.0
2023-07-12T02:00,27.5,93,0.00,1004.0,6.4,0.0
2023-07-12T03:00,27.4,93,0.00,1003.9,6.4,0.0
2023-07-12T04:00,27.3,93,0.00,1003.5,6.0,0.0
2023-07-12T05:00,27.1,94,0.00,1003.3,6.0,0.0
2023-07-12T06:00,27.4,95,0.00,1003.3,5.0,11.0
2023-07-12T07:00,27.9,92,0.00,1003.9,7.6,87.0
2023-07-12T08:00,28.5,90,0.20,1004.4,9.0,154.0
2023-07-12T09:00,29.3,85,0.20,1004.7,10.5,251.0
2023-07-12T10:00,30.0,80,0.10,1004.5,10.9,330.0
2023-07-12T11:00,30.6,78,0.10,1004.2,11.0,382.0
2023-07-12T12:00,32.4,67,0.00,1003.8,8.8,398.0
2023-07-12T13:00,33.1,64,0.00,1003.3,10.3,373.0
2023-07-12T14:00,33.5,63,0.00,1002.8,10.7,347.0
2023-07-12T15:00,32.1,71,0.70,1002.4,10.6,301.0
2023-07-12T16:00,31.4,73,0.80,1001.9,10.0,223.0
2023-07-12T17:00,30.7,75,1.00,1001.9,10.1,173.0
2023-07-12T18:00,30.1,83,0.00,1001.8,7.1,102.0
2023-07-12T19:00,28.8,89,0.80,1003.0,7.1,19.0
2023-07-12T20:00,28.3,92,0.60,1003.6,6.6,0.0
2023-07-12T21:00,28.0,93,0.00,1004.2,6.8,0.0
2023-07-12T22:00,27.8,93,0.00,1004.5,6.8,0.0
2023-07-12T23:00,27.6,93,0.00,1004.2,6.2,0.0
2023-07-13T00:00,27.5,94,0.00,1004.2,5.0,0.0
2023-07-13T01:00,27.3,95,0.00,1003.7,5.5,0.0
2023-07-13T02:00,27.3,95,0.00,1003.7,6.3,0.0
2023-07-13T03:00,27.2,95,0.00,1003.6,6.6,0.0
2023-07-13T04:00,27.0,95,0.00,1003.2,6.0,0.0
2023-07-13T05:00,26.9,95,0.00,1002.8,5.6,0.0
2023-07-13T06:00,27.2,95,0.00,1003.1,4.7,13.0
2023-07-13T07:00,27.7,94,0.80,1003.9,5.9,80.0
2023-07-13T08:00,28.2,91,0.60,1004.4,8.7,148.0
2023-07-13T09:00,28.7,88,0.20,1004.4,9.7,233.0
2023-07-13T10:00,29.6,85,0.20,1004.3,10.8,291.0
2023-07-13T11:00,30.8,79,0.10,1003.9,10.2,337.0
2023-07-13T12:00,32.0,73,0.10,1003.2,6.7,330.0
2023-07-13T13:00,32.3,72,0.10,1002.8,7.7,314.0
2023-07-13T14:00,31.1,77,2.30,1002.6,9.7,225.0
2023-07-13T15:00,30.3,82,2.30,1002.4,9.0,218.0
2023-07-13T16:00,30.2,83,0.90,1001.9,8.3,174.0
2023-07-13T17:00,29.4,84,1.90,1001.8,8.6,103.0
2023-07-13T18:00,28.9,86,0.10,1002.1,8.2,79.0
2023-07-13T19:00,28.3,89,0.00,1002.6,7.1,15.0
2023-07-13T20:00,27.9,91,0.00,1003.0,6.7,0.0
2023-07-13T21:00,27.7,91,0.00,1003.7,7.2,0.0
2023-07-13T22:00,27.4,92,0.00,1004.0,6.8,0.0
2023-07-13T23:00,27.2,93,0.00,1004.0,6.2,0.0
