,dvd_ph,dvd_temp,dvd_updated_at,dvd_do
0,8.407373271889401,31.764456138697767,2023-06-20 04:30:24.476952,8.619
1,8.407373271889401,31.764456138697767,2023-06-20 09:27:54.771954,8.619
2,8.407373271889401,31.764456138697767,2023-06-20 09:27:56.853398,8.619
3,8.407373271889401,31.764456138697767,2023-06-20 09:27:56.908396,8.619
4,8.407373271889401,31.764456138697767,2023-06-20 09:27:56.969330,8.619
5,8.407373271889401,31.764456138697767,2023-06-20 09:27:57.035082,8.619
6,8.407373271889401,31.764456138697767,2023-06-20 09:27:57.096779,8.619
7,8.407373271889401,31.764456138697767,2023-06-20 09:27:57.158291,8.619
8,8.407373271889401,31.764456138697767,2023-06-20 09:27:57.210694,8.619
9,8.407373271889401,31.764456138697767,2023-06-20 09:27:57.259689,8.619
10,8.407373271889401,31.764456138697767,2023-06-20 09:27:57.306879,8.619
11,8.407373271889401,31.764456138697767,2023-06-20 09:27:57.350737,8.619
12,8.407373271889401,31.764456138697767,2023-06-20 09:27:57.397193,8.619
13,8.407373271889401,31.764456138697767,2023-06-20 09:27:57.443020,8.619
14,8.407373271889401,31.764456138697767,2023-06-20 09:27:57.491244,8.619
15,8.407373271889401,31.764456138697767,2023-06-20 09:27:57.536249,8.619
16,8.407373271889401,31.764456138697767,2023-06-20 09:27:57.586046,8.619
17,8.407373271889401,31.764456138697767,2023-06-20 09:27:57.627838,8.619
18,8.407373271889401,31.764456138697767,2023-06-20 09:27:57.672410,8.619
19,8.407373271889401,31.764456138697767,2023-06-20 09:27:57.711358,8.619
20,8.407373271889401,31.764456138697767,2023-06-20 09:27:57.759209,8.619
21,8.407373271889401,31.764456138697767,2023-06-20 09:27:57.798485,8.619
22,8.407373271889401,31.764456138697767,2023-06-20 09:27:57.844470,8.619
23,8.407373271889401,31.764456138697767,2023-06-20 09:27:57.903127,8.619
24,8.407373271889401,31.764456138697767,2023-06-20 09:27:57.947602,8.619
25,8.407373271889401,31.764456138697767,2023-06-20 09:27:57.995980,8.619
26,8.407373271889401,31.764456138697767,2023-06-20 09:27:58.043095,8.619
27,8.407373271889401,31.764456138697767,2023-06-20 09:27:58.086256,8.619
28,8.407373271889401,31.764456138697767,2023-06-20 09:27:58.114846,8.619
29,8.407373271889401,31.764456138697767,2023-06-20 09:27:58.154395,8.619
30,8.407373271889401,31.764456138697767,2023-06-20 09:27:58.197415,8.619
31,8.407373271889401,31.764456138697767,2023-06-20 09:27:58.239020,8.619
32,8.407373271889401,31.764456138697767,2023-06-20 09:27:58.279018,8.619
33,8.407373271889401,31.764456138697767,2023-06-20 09:27:58.315193,8.619
34,8.407373271889401,31.764456138697767,2023-06-20 09:27:58.355525,8.619
35,8.407373271889401,31.764456138697767,2023-06-20 09:27:58.395040,8.619
36,8.407373271889401,31.764456138697767,2023-06-20 09:27:58.439054,8.619
37,8.407373271889401,31.764456138697767,2023-06-20 09:27:58.482221,8.619
38,8.407373271889401,31.764456138697767,2023-06-20 09:27:58.523451,8.619
39,8.407373271889401,31.764456138697767,2023-06-20 09:27:58.561995,8.619
40,8.407373271889401,31.764456138697767,2023-06-20 09:27:58.604229,8.619
41,8.407373271889401,31.764456138697767,2023-06-20 09:27:58.643771,8.619
42,8.407373271889401,31.764456138697767,2023-06-20 09:27:58.688789,8.619
43,8.407373271889401,31.764456138697767,2023-06-20 09:27:58.738183,8.619
44,8.407373271889401,31.764456138697767,2023-06-20 09:27:58.776344,8.619
45,8.407373271889401,31.764456138697767,2023-06-20 09:27:58.809909,8.619
46,8.407373271889401,31.764456138697767,2023-06-20 09:27:58.853482,8.619
47,8.407373271889401,31.764456138697767,2023-06-20 09:27:58.888513,8.619
48,8.407373271889401,31.764456138697767,2023-06-20 09:27:58.923030,8.619
49,8.407373271889401,31.764456138697767,2023-06-20 09:27:58.960602,8.619
50,8.407373271889401,31.764456138697767,2023-06-20 09:27:58.998588,8.619
51,8.407373271889401,31.764456138697767,2023-06-20 09:27:59.041724,8.619
52,8.407373271889401,31.764456138697767,2023-06-20 09:27:59.079285,8.619
53,8.407373271889401,31.764456138697767,2023-06-20 09:27:59.118448,8.619
54,8.407373271889401,31.764456138697767,2023-06-20 09:27:59.158624,8.619
55,8.407373271889401,31.764456138697767,2023-06-20 09:27:59.206294,8.619
56,8.407373271889401,31.764456138697767,2023-06-20 09:27:59.246549,8.619
57,8.407373271889401,31.764456138697767,2023-06-20 09:27:59.288297,8.619
58,8.407373271889401,31.764456138697767,2023-06-20 09:27:59.332832,8.619
59,8.407373271889401,31.764456138697767,2023-06-20 09:27:59.370836,8.619
60,8.407373271889401,31.764456138697767,2023-06-20 09:27:59.424232,8.619
61,8.407373271889401,31.764456138697767,2023-06-20 09:27:59.464650,8.619
62,8.407373271889401,31.764456138697767,2023-06-20 09:27:59.498743,8.619
63,8.407373271889401,31.764456138697767,2023-06-20 09:27:59.536279,8.619
64,8.407373271889401,31.764456138697767,2023-06-20 09:27:59.579858,8.619
65,8.407373271889401,31.764456138697767,2023-06-20 09:27:59.618444,8.619
66,8.407373271889401,31.764456138697767,2023-06-20 09:27:59.658607,8.619
67,8.407373271889401,31.764456138697767,2023-06-20 09:27:59.703063,8.619
68,8.407373271889401,31.764456138697767,2023-06-20 09:27:59.738063,8.619
69,8.407373271889401,31.764456138697767,2023-06-20 09:27:59.775623,8.619
70,8.407373271889401,31.764456138697767,2023-06-20 09:27:59.817988,8.619
71,8.407373271889401,31.764456138697767,2023-06-20 09:27:59.871540,8.619
72,8.407373271889401,31.764456138697767,2023-06-20 09:27:59.910091,8.619
73,8.407373271889401,31.764456138697767,2023-06-20 09:27:59.946811,8.619
74,8.407373271889401,31.764456138697767,2023-06-20 09:27:59.992132,8.619
75,8.407373271889401,31.764456138697767,2023-06-20 09:28:00.040306,8.619
76,8.407373271889401,31.764456138697767,2023-06-20 09:28:00.077827,8.619
77,8.407373271889401,31.764456138697767,2023-06-20 09:28:00.117418,8.619
78,8.407373271889401,31.764456138697767,2023-06-20 09:28:00.154952,8.619
79,8.407373271889401,31.764456138697767,2023-06-20 09:28:00.195929,8.619
80,8.407373271889401,31.764456138697767,2023-06-20 09:28:00.237508,8.619
81,8.407373271889401,31.764456138697767,2023-06-20 09:28:00.279724,8.619
82,8.407373271889401,31.764456138697767,2023-06-20 09:28:00.315915,8.619
83,8.407373271889401,31.764456138697767,2023-06-20 09:28:00.351499,8.619
84,8.407373271889401,31.764456138697767,2023-06-20 09:28:00.393808,8.619
85,8.407373271889401,31.764456138697767,2023-06-20 09:28:00.435409,8.619
86,8.407373271889401,31.764456138697767,2023-06-20 09:28:00.480967,8.619
87,8.407373271889401,31.764456138697767,2023-06-20 09:28:00.523346,8.619
88,8.407373271889401,31.764456138697767,2023-06-20 09:28:00.559809,8.619
89,8.407373271889401,31.764456138697767,2023-06-20 09:28:00.614364,8.619
90,8.407373271889401,31.764456138697767,2023-06-20 09:28:00.667283,8.619
91,8.407373271889401,31.764456138697767,2023-06-20 09:28:00.704884,8.619
92,8.407373271889401,31.764456138697767,2023-06-20 09:28:00.743448,8.619
93,8.407373271889401,31.764456138697767,2023-06-20 09:28:00.784555,8.619
94,8.407373271889401,31.764456138697767,2023-06-20 09:28:00.826404,8.619
95,8.407373271889401,31.764456138697767,2023-06-20 09:28:00.868477,8.619
96,8.407373271889401,31.764456138697767,2023-06-20 09:28:00.907092,8.619
97,8.407373271889401,31.764456138697767,2023-06-20 09:28:00.945009,8.619
98,8.407373271889401,31.764456138697767,2023-06-20 09:28:00.984603,8.619
99,8.407373271889401,31.764456138697767,2023-06-20 09:28:01.019146,8.619
100,8.407373271889401,31.764456138697767,2023-06-20 09:28:01.049791,8.619
101,8.407373271889401,31.764456138697767,2023-06-20 09:28:01.078795,8.619
102,8.407373271889401,31.764456138697767,2023-06-20 09:28:01.110546,8.619
103,8.407373271889401,31.764456138697767,2023-06-20 09:28:01.137064,8.619
104,8.407373271889401,31.764456138697767,2023-06-20 09:28:01.162901,8.619
105,8.407373271889401,31.764456138697767,2023-06-20 09:28:01.190224,8.619
106,8.407373271889401,31.764456138697767,2023-06-20 09:28:01.220369,8.619
107,8.407373271889401,31.764456138697767,2023-06-20 09:28:01.251043,8.619
108,8.407373271889401,31.764456138697767,2023-06-20 09:28:01.279829,8.619
109,8.407373271889401,31.764456138697767,2023-06-20 09:28:01.309535,8.619
110,8.407373271889401,31.764456138697767,2023-06-20 09:28:01.341667,8.619
111,8.407373271889401,31.764456138697767,2023-06-20 09:28:01.372044,8.619
112,8.407373271889401,31.764456138697767,2023-06-20 09:28:01.406866,8.619
113,8.407373271889401,31.764456138697767,2023-06-20 09:28:01.439951,8.619
114,8.407373271889401,31.764456138697767,2023-06-20 09:28:01.506313,8.619
115,8.407373271889401,31.764456138697767,2023-06-20 09:28:01.561881,8.619
116,8.407373271889401,31.764456138697767,2023-06-20 09:28:01.633509,8.619
117,8.407373271889401,31.764456138697767,2023-06-20 09:28:01.686941,8.619
118,8.407373271889401,31.764456138697767,2023-06-20 09:28:01.738395,8.619
119,8.407373271889401,31.764456138697767,2023-06-20 09:28:01.762195,8.619
120,8.407373271889401,31.764456138697767,2023-06-20 09:28:01.825650,8.619
121,8.407373271889401,31.764456138697767,2023-06-20 09:28:01.852144,8.619
122,8.407373271889401,31.764456138697767,2023-06-20 09:28:01.898716,8.619
123,8.407373271889401,31.764456138697767,2023-06-20 09:28:01.925711,8.619
124,8.407373271889401,31.764456138697767,2023-06-20 09:28:01.970529,8.619
125,8.407373271889401,31.764456138697767,2023-06-20 09:28:02.013424,8.619
126,8.407373271889401,31.764456138697767,2023-06-20 09:28:02.056771,8.619
127,8.407373271889401,31.764456138697767,2023-06-20 09:28:02.098150,8.619
128,8.407373271889401,31.764456138697767,2023-06-20 09:28:02.134088,8.619
129,8.407373271889401,31.764456138697767,2023-06-20 09:28:02.167915,8.619
130,8.407373271889401,31.764456138697767,2023-06-20 09:28:02.205115,8.619
131,8.407373271889401,31.764456138697767,2023-06-20 09:28:02.238302,8.619
132,8.407373271889401,31.764456138697767,2023-06-20 09:28:02.272092,8.619
133,8.407373271889401,31.764456138697767,2023-06-20 09:28:02.304337,8.619
134,8.407373271889401,31.764456138697767,2023-06-20 09:28:02.335335,8.619
135,8.407373271889401,31.764456138697767,2023-06-20 09:28:02.373311,8.619
136,8.407373271889401,31.764456138697767,2023-06-20 09:28:02.415627,8.619
137,8.407373271889401,31.764456138697767,2023-06-20 09:28:02.458081,8.619
138,8.407373271889401,31.764456138697767,2023-06-20 09:28:02.494784,8.619
139,8.407373271889401,31.764456138697767,2023-06-20 09:28:02.533120,8.619
140,8.407373271889401,31.764456138697767,2023-06-20 09:28:02.569685,8.619
141,8.407373271889401,31.764456138697767,2023-06-20 09:28:02.614102,8.619
142,8.407373271889401,31.764456138697767,2023-06-20 09:28:02.662921,8.619
143,8.407373271889401,31.764456138697767,2023-06-20 09:28:02.711037,8.619
144,8.407373271889401,31.764456138697767,2023-06-20 09:28:02.752747,8.619
145,8.407373271889401,31.764456138697767,2023-06-20 09:28:02.787288,8.619
146,8.407373271889401,31.764456138697767,2023-06-20 09:28:02.831303,8.619
147,8.407373271889401,31.764456138697767,2023-06-20 09:28:02.874431,8.619
148,8.407373271889401,31.764456138697767,2023-06-20 09:28:02.910829,8.619
149,8.407373271889401,31.764456138697767,2023-06-20 09:28:02.948203,8.619
150,8.407373271889401,31.764456138697767,2023-06-20 09:28:02.992517,8.619
151,8.407373271889401,31.764456138697767,2023-06-20 09:28:03.031208,8.619
152,8.407373271889401,31.764456138697767,2023-06-20 09:28:03.068663,8.619
153,8.407373271889401,31.764456138697767,2023-06-20 09:28:03.103190,8.619
154,8.407373271889401,31.764456138697767,2023-06-20 09:28:03.137181,8.619
155,8.407373271889401,31.764456138697767,2023-06-20 09:28:03.166252,8.619
156,8.407373271889401,31.764456138697767,2023-06-20 09:28:03.198559,8.619
157,8.407373271889401,31.764456138697767,2023-06-20 09:28:03.229695,8.619
158,8.407373271889401,31.764456138697767,2023-06-20 09:28:03.258425,8.619
159,8.407373271889401,31.764456138697767,2023-06-20 09:28:03.288542,8.619
160,8.407373271889401,31.764456138697767,2023-06-20 09:28:03.316504,8.619
161,8.407373271889401,31.764456138697767,2023-06-20 09:28:03.354178,8.619
162,8.407373271889401,31.764456138697767,2023-06-20 09:28:03.387162,8.619
163,8.407373271889401,31.764456138697767,2023-06-20 09:28:03.417219,8.619
164,8.407373271889401,31.764456138697767,2023-06-20 09:28:03.446145,8.619
165,8.407373271889401,31.764456138697767,2023-06-20 09:28:03.474094,8.619
166,8.407373271889401,31.764456138697767,2023-06-20 09:28:03.502105,8.619
167,8.407373271889401,31.764456138697767,2023-06-20 09:28:03.533780,8.619
168,8.407373271889401,31.764456138697767,2023-06-20 09:28:03.562529,8.619
169,8.407373271889401,31.764456138697767,2023-06-20 09:28:03.593598,8.619
170,8.407373271889401,31.764456138697767,2023-06-20 09:28:03.622215,8.619
171,8.407373271889401,31.764456138697767,2023-06-20 09:28:03.651016,8.619
172,8.407373271889401,31.764456138697767,2023-06-20 09:28:03.708719,8.619
173,8.407373271889401,31.764456138697767,2023-06-20 09:28:03.741817,8.619
174,8.407373271889401,31.764456138697767,2023-06-20 09:28:03.774230,8.619
175,8.407373271889401,31.764456138697767,2023-06-20 09:28:03.812621,8.619
176,8.407373271889401,31.764456138697767,2023-06-20 09:28:03.852606,8.619
177,8.407373271889401,31.764456138697767,2023-06-20 09:28:03.887607,8.619
178,8.407373271889401,31.764456138697767,2023-06-20 09:28:03.916437,8.619
179,8.407373271889401,31.764456138697767,2023-06-20 09:28:03.952326,8.619
180,8.407373271889401,31.764456138697767,2023-06-20 09:28:03.983287,8.619
181,8.407373271889401,31.764456138697767,2023-06-20 09:28:04.016073,8.619
182,8.407373271889401,31.764456138697767,2023-06-20 09:28:04.054957,8.619
183,8.407373271889401,31.764456138697767,2023-06-20 09:28:04.093960,8.619
184,8.407373271889401,31.764456138697767,2023-06-20 09:28:04.133518,8.619
185,8.407373271889401,31.764456138697767,2023-06-20 09:28:04.172044,8.619
186,8.407373271889401,31.764456138697767,2023-06-20 09:28:04.208040,8.619
187,8.407373271889401,31.764456138697767,2023-06-20 09:28:04.241057,8.619
188,8.407373271889401,31.764456138697767,2023-06-20 09:28:04.275044,8.619
189,8.407373271889401,31.764456138697767,2023-06-20 09:28:04.306471,8.619
190,8.407373271889401,31.764456138697767,2023-06-20 09:28:04.336471,8.619
191,8.407373271889401,31.764456138697767,2023-06-20 09:28:04.364472,8.619
192,8.407373271889401,31.764456138697767,2023-06-20 09:28:04.392208,8.619
193,8.407373271889401,31.764456138697767,2023-06-20 09:28:04.422210,8.619
194,8.407373271889401,31.764456138697767,2023-06-20 09:28:04.450209,8.619
195,8.407373271889401,31.764456138697767,2023-06-20 09:28:04.474945,8.619
196,8.407373271889401,31.764456138697767,2023-06-20 09:28:04.507846,8.619
197,8.407373271889401,31.764456138697767,2023-06-20 09:28:04.532599,8.619
198,8.407373271889401,31.764456138697767,2023-06-20 09:28:04.567428,8.619
199,8.407373271889401,31.764456138697767,2023-06-20 09:28:04.611537,8.619
200,8.407373271889401,31.764456138697767,2023-06-20 09:28:04.650369,8.619
201,8.407373271889401,31.764456138697767,2023-06-20 09:28:04.702151,8.619
202,8.407373271889401,31.764456138697767,2023-06-20 09:28:04.753803,8.619
203,8.407373271889401,31.764456138697767,2023-06-20 09:28:04.789798,8.619
204,8.407373271889401,31.764456138697767,2023-06-20 09:28:04.830832,8.619
205,8.407373271889401,31.764456138697767,2023-06-20 09:28:04.868602,8.619
206,8.407373271889401,31.764456138697767,2023-06-20 09:28:04.912238,8.619
207,8.407373271889401,31.764456138697767,2023-06-20 09:28:04.947313,8.619
208,8.407373271889401,31.764456138697767,2023-06-20 09:28:04.983693,8.619
209,8.407373271889401,31.764456138697767,2023-06-20 09:28:05.020271,8.619
210,8.407373271889401,31.764456138697767,2023-06-20 09:28:05.056141,8.619
211,8.407373271889401,31.764456138697767,2023-06-20 09:28:05.095470,8.619
212,8.407373271889401,31.764456138697767,2023-06-20 09:28:05.135091,8.619
213,8.407373271889401,31.764456138697767,2023-06-20 09:28:05.172084,8.619
214,8.407373271889401,31.764456138697767,2023-06-20 09:28:05.209236,8.619
215,8.407373271889401,31.764456138697767,2023-06-20 09:28:05.245213,8.619
216,8.407373271889401,31.764456138697767,2023-06-20 09:28:05.282539,8.619
217,8.407373271889401,31.764456138697767,2023-06-20 09:28:05.330084,8.619
218,8.407373271889401,31.764456138697767,2023-06-20 09:28:05.386035,8.619
219,8.407373271889401,31.764456138697767,2023-06-20 09:28:05.434045,8.619
220,8.407373271889401,31.764456138697767,2023-06-20 09:28:05.474768,8.619
221,8.407373271889401,31.764456138697767,2023-06-20 09:28:05.518420,8.619
222,8.407373271889401,31.764456138697767,2023-06-20 09:28:05.553988,8.619
223,8.407373271889401,31.764456138697767,2023-06-20 09:28:05.613599,8.619
224,8.407373271889401,31.764456138697767,2023-06-20 09:28:05.637954,8.619
225,8.407373271889401,31.764456138697767,2023-06-20 09:28:05.679854,8.619
226,8.407373271889401,31.764456138697767,2023-06-20 09:28:05.700995,8.619
227,8.407373271889401,31.764456138697767,2023-06-20 09:28:05.750463,8.619
228,8.407373271889401,31.764456138697767,2023-06-20 09:28:05.799850,8.619
229,8.407373271889401,31.764456138697767,2023-06-20 09:28:05.845601,8.619
230,8.407373271889401,31.764456138697767,2023-06-20 09:28:05.890601,8.619
231,8.407373271889401,31.764456138697767,2023-06-20 09:28:05.957227,8.619
232,8.407373271889401,31.764456138697767,2023-06-20 09:28:05.999311,8.619
233,8.407373271889401,31.764456138697767,2023-06-20 09:28:06.050206,8.619
234,8.407373271889401,31.764456138697767,2023-06-20 09:28:06.079848,8.619
235,8.407373271889401,31.764456138697767,2023-06-20 09:28:06.115608,8.619
236,8.407373271889401,31.764456138697767,2023-06-20 09:28:06.148195,8.619
237,8.407373271889401,31.764456138697767,2023-06-20 09:28:06.182760,8.619
238,8.407373271889401,31.764456138697767,2023-06-20 09:28:06.219492,8.619
239,8.407373271889401,31.764456138697767,2023-06-20 09:28:06.255023,8.619
240,8.407373271889401,31.764456138697767,2023-06-20 09:28:06.287566,8.619
241,8.407373271889401,31.764456138697767,2023-06-20 09:28:06.319567,8.619
242,8.407373271889401,31.764456138697767,2023-06-20 09:28:06.348104,8.619
243,8.407373271889401,31.764456138697767,2023-06-20 09:28:06.378100,8.619
244,8.407373271889401,31.764456138697767,2023-06-20 09:28:06.404636,8.619
245,8.407373271889401,31.764456138697767,2023-06-20 09:28:06.440645,8.619
246,8.407373271889401,31.764456138697767,2023-06-20 09:28:06.466192,8.619
247,8.407373271889401,31.764456138697767,2023-06-20 09:28:06.499755,8.619
248,8.407373271889401,31.764456138697767,2023-06-20 09:28:06.535062,8.619
249,8.407373271889401,31.764456138697767,2023-06-20 09:28:06.565589,8.619
250,8.407373271889401,31.764456138697767,2023-06-20 09:28:06.599980,8.619
251,8.407373271889401,31.764456138697767,2023-06-20 09:28:06.636586,8.619
252,8.407373271889401,31.764456138697767,2023-06-20 09:28:06.669719,8.619
253,8.407373271889401,31.764456138697767,2023-06-20 09:28:06.701559,8.619
254,8.407373271889401,31.764456138697767,2023-06-20 09:28:06.731121,8.619
255,8.407373271889401,31.764456138697767,2023-06-20 09:28:06.754236,8.619
256,8.407373271889401,31.764456138697767,2023-06-20 09:28:06.769872,8.619
257,8.407373271889401,31.764456138697767,2023-06-20 09:28:06.801514,8.619
258,8.407373271889401,31.764456138697767,2023-06-20 09:28:06.833027,8.619
259,8.407373271889401,31.764456138697767,2023-06-20 09:28:06.880748,8.619
260,8.407373271889401,31.764456138697767,2023-06-20 09:28:06.931914,8.619
261,8.407373271889401,31.764456138697767,2023-06-20 09:28:06.998689,8.619
262,8.407373271889401,31.764456138697767,2023-06-20 09:28:07.031283,8.619
263,8.407373271889401,31.764456138697767,2023-06-20 09:28:07.061982,8.619
264,8.407373271889401,31.764456138697767,2023-06-20 09:28:07.093558,8.619
265,8.407373271889401,31.764456138697767,2023-06-20 09:28:07.148168,8.619
266,8.407373271889401,31.764456138697767,2023-06-20 09:28:07.218029,8.619
267,8.407373271889401,31.764456138697767,2023-06-20 09:28:07.265044,8.619
268,8.407373271889401,31.764456138697767,2023-06-20 09:28:07.312057,8.619
269,8.407373271889401,31.764456138697767,2023-06-20 09:28:07.359070,8.619
270,8.407373271889401,31.764456138697767,2023-06-20 09:28:07.421602,8.619
271,8.407373271889401,31.764456138697767,2023-06-20 09:28:07.485220,8.619
272,8.407373271889401,31.764456138697767,2023-06-20 09:28:07.547226,8.619
273,8.407373271889401,31.764456138697767,2023-06-20 09:28:07.625927,8.619
274,8.407373271889401,31.764456138697767,2023-06-20 09:28:07.680953,8.619
275,8.407373271889401,31.764456138697767,2023-06-20 09:28:07.720802,8.619
276,8.407373271889401,31.764456138697767,2023-06-20 09:28:07.752193,8.619
277,8.407373271889401,31.764456138697767,2023-06-20 09:28:07.784215,8.619
278,8.407373271889401,31.764456138697767,2023-06-20 09:28:07.831493,8.619
279,8.407373271889401,31.764456138697767,2023-06-20 09:28:07.862177,8.619
280,8.407373271889401,31.764456138697767,2023-06-20 09:28:07.893545,8.619
281,8.407373271889401,31.764456138697767,2023-06-20 09:28:07.924869,8.619
282,8.407373271889401,31.764456138697767,2023-06-20 09:28:07.973842,8.619
283,8.407373271889401,31.764456138697767,2023-06-20 09:28:07.996950,8.619
284,8.407373271889401,31.764456138697767,2023-06-20 09:28:08.028336,8.619
285,8.407373271889401,31.764456138697767,2023-06-20 09:28:08.058606,8.619
286,8.407373271889401,31.764456138697767,2023-06-20 09:28:08.090334,8.619
287,8.407373271889401,31.764456138697767,2023-06-20 09:28:08.121131,8.619
288,8.407373271889401,31.764456138697767,2023-06-20 09:28:08.152509,8.619
289,8.407373271889401,31.764456138697767,2023-06-20 09:28:08.184977,8.619
290,8.407373271889401,31.764456138697767,2023-06-20 09:28:08.246878,8.619
291,8.407373271889401,31.764456138697767,2023-06-20 09:28:08.279621,8.619
292,8.407373271889401,31.764456138697767,2023-06-20 09:28:08.325445,8.619
293,8.407373271889401,31.764456138697767,2023-06-20 09:28:08.356679,8.619
294,8.407373271889401,31.764456138697767,2023-06-20 09:28:08.372289,8.619
295,8.407373271889401,31.764456138697767,2023-06-20 09:28:08.403548,8.619
296,8.407373271889401,31.764456138697767,2023-06-20 09:28:08.440523,8.619
297,8.407373271889401,31.764456138697767,2023-06-20 09:28:08.489301,8.619
298,8.407373271889401,31.764456138697767,2023-06-20 09:28:08.536386,8.619
299,8.407373271889401,31.764456138697767,2023-06-20 09:28:08.613520,8.619
300,8.407373271889401,31.764456138697767,2023-06-20 09:28:08.660905,8.619
301,8.407373271889401,31.764456138697767,2023-06-20 09:28:08.724246,8.619
302,8.407373271889401,31.764456138697767,2023-06-20 09:28:08.793083,8.619
303,8.407373271889401,31.764456138697767,2023-06-20 09:28:08.850221,8.619
304,8.407373271889401,31.764456138697767,2023-06-20 09:28:08.912891,8.619
305,8.407373271889401,31.764456138697767,2023-06-20 09:28:08.975799,8.619
306,8.407373271889401,31.764456138697767,2023-06-20 09:28:09.039860,8.619
307,8.407373271889401,31.764456138697767,2023-06-20 09:28:09.096269,8.619
308,8.407373271889401,31.764456138697767,2023-06-20 09:28:09.148974,8.619
309,8.407373271889401,31.764456138697767,2023-06-20 09:28:09.212076,8.619
310,8.407373271889401,31.764456138697767,2023-06-20 09:28:09.275202,8.619
311,8.407373271889401,31.764456138697767,2023-06-20 09:28:09.338407,8.619
312,8.407373271889401,31.764456138697767,2023-06-20 09:28:09.401414,8.619
313,8.407373271889401,31.764456138697767,2023-06-20 09:28:09.464431,8.619
314,8.407373271889401,31.764456138697767,2023-06-20 09:28:09.511868,8.619
315,8.407373271889401,31.764456138697767,2023-06-20 09:28:09.559252,8.619
316,8.407373271889401,31.764456138697767,2023-06-20 09:28:09.606276,8.619
317,8.407373271889401,31.764456138697767,2023-06-20 09:28:09.653726,8.619
318,8.407373271889401,31.764456138697767,2023-06-20 09:28:09.700787,8.619
319,8.407373271889401,31.764456138697767,2023-06-20 09:28:09.732688,8.619
320,8.407373271889401,31.764456138697767,2023-06-20 09:28:09.811345,8.619
321,8.407373271889401,31.764456138697767,2023-06-20 09:28:09.881895,8.619
322,8.407373271889401,31.764456138697767,2023-06-20 09:28:09.947777,8.619
323,8.407373271889401,31.764456138697767,2023-06-20 09:28:09.985149,8.619
324,8.407373271889401,31.764456138697767,2023-06-20 09:28:10.032398,8.619
325,8.407373271889401,31.764456138697767,2023-06-20 09:28:10.063657,8.619
326,8.407373271889401,31.764456138697767,2023-06-20 09:28:10.110772,8.619
327,8.407373271889401,31.764456138697767,2023-06-20 09:28:10.142133,8.619
328,8.407373271889401,31.764456138697767,2023-06-20 09:28:10.157783,8.619
329,8.407373271889401,31.764456138697767,2023-06-20 09:28:10.204765,8.619
330,8.407373271889401,31.764456138697767,2023-06-20 09:28:10.267641,8.619
331,8.407373271889401,31.764456138697767,2023-06-20 09:28:10.346180,8.619
332,8.407373271889401,31.764456138697767,2023-06-20 09:28:10.424864,8.619
333,8.407373271889401,31.764456138697767,2023-06-20 09:28:10.503863,8.619
334,8.407373271889401,31.764456138697767,2023-06-20 09:28:10.567305,8.619
335,8.407373271889401,31.764456138697767,2023-06-20 09:28:10.661601,8.619
336,8.407373271889401,31.764456138697767,2023-06-20 09:28:10.741093,8.619
337,8.407373271889401,31.764456138697767,2023-06-20 09:28:10.803507,8.619
338,8.407373271889401,31.764456138697767,2023-06-20 09:28:10.850658,8.619
339,8.407373271889401,31.764456138697767,2023-06-20 09:28:10.892571,8.619
340,8.407373271889401,31.764456138697767,2023-06-20 09:28:10.913734,8.619
341,8.407373271889401,31.764456138697767,2023-06-20 09:28:10.945178,8.619
342,8.407373271889401,31.764456138697767,2023-06-20 09:28:10.960819,8.619
343,8.407373271889401,31.764456138697767,2023-06-20 09:28:10.992231,8.619
344,8.407373271889401,31.764456138697767,2023-06-20 09:28:11.023517,8.619
345,8.407373271889401,31.764456138697767,2023-06-20 09:28:11.055231,8.619
346,8.407373271889401,31.764456138697767,2023-06-20 09:28:11.086924,8.619
347,8.407373271889401,31.764456138697767,2023-06-20 09:28:11.118160,8.619
348,8.407373271889401,31.764456138697767,2023-06-20 09:28:11.144158,8.619
349,8.407373271889401,31.764456138697767,2023-06-20 09:28:11.165349,8.619
350,8.407373271889401,31.764456138697767,2023-06-20 09:28:11.229012,8.619
351,8.407373271889401,31.764456138697767,2023-06-20 09:28:11.259704,8.619
352,8.407373271889401,31.764456138697767,2023-06-20 09:28:11.301291,8.619
353,8.407373271889401,31.764456138697767,2023-06-20 09:28:11.338349,8.619
354,8.407373271889401,31.764456138697767,2023-06-20 09:28:11.385747,8.619
355,8.407373271889401,31.764456138697767,2023-06-20 09:28:11.416981,8.619
356,8.407373271889401,31.764456138697767,2023-06-20 09:28:11.463977,8.619
357,8.407373271889401,31.764456138697767,2023-06-20 09:28:11.495729,8.619
358,8.407373271889401,31.764456138697767,2023-06-20 09:28:11.528068,8.619
359,8.407373271889401,31.764456138697767,2023-06-20 09:28:11.574565,8.619
360,8.407373271889401,31.764456138697767,2023-06-20 09:28:11.621639,8.619
361,8.407373271889401,31.764456138697767,2023-06-20 09:28:11.669015,8.619
362,8.407373271889401,31.764456138697767,2023-06-20 09:28:11.700673,8.619
363,8.407373271889401,31.764456138697767,2023-06-20 09:28:11.742797,8.619
364,8.407373271889401,31.764456138697767,2023-06-20 09:28:11.763990,8.619
365,8.407373271889401,31.764456138697767,2023-06-20 09:28:11.811204,8.619
366,8.407373271889401,31.764456138697767,2023-06-20 09:28:11.842624,8.619
367,8.407373271889401,31.764456138697767,2023-06-20 09:28:11.897041,8.619
368,8.407373271889401,31.764456138697767,2023-06-20 09:28:11.938829,8.619
369,8.407373271889401,31.764456138697767,2023-06-20 09:28:11.975850,8.619
370,8.407373271889401,31.764456138697767,2023-06-20 09:28:12.015575,8.619
371,8.407373271889401,31.764456138697767,2023-06-20 09:28:12.062731,8.619
372,8.407373271889401,31.764456138697767,2023-06-20 09:28:12.109958,8.619
373,8.407373271889401,31.764456138697767,2023-06-20 09:28:12.156845,8.619
374,8.407373271889401,31.764456138697767,2023-06-20 09:28:12.224613,8.619
375,8.407373271889401,31.764456138697767,2023-06-20 09:28:12.279198,8.619
376,8.407373271889401,31.764456138697767,2023-06-20 09:28:12.343368,8.619
377,8.407373271889401,31.764456138697767,2023-06-20 09:28:12.417085,8.619
378,8.407373271889401,31.764456138697767,2023-06-20 09:28:12.471267,8.619
379,8.407373271889401,31.764456138697767,2023-06-20 09:28:12.512829,8.619
380,8.407373271889401,31.764456138697767,2023-06-20 09:28:12.553544,8.619
381,8.407373271889401,31.764456138697767,2023-06-20 09:28:12.590432,8.619
382,8.407373271889401,31.764456138697767,2023-06-20 09:28:12.647032,8.619
383,8.407373271889401,31.764456138697767,2023-06-20 09:28:12.705388,8.619
384,8.407373271889401,31.764456138697767,2023-06-20 09:28:12.756820,8.619
385,8.407373271889401,31.764456138697767,2023-06-20 09:28:12.788981,8.619
386,8.407373271889401,31.764456138697767,2023-06-20 09:28:12.835910,8.619
387,8.407373271889401,31.764456138697767,2023-06-20 09:28:12.866594,8.619
388,8.407373271889401,31.764456138697767,2023-06-20 09:28:12.909159,8.619
389,8.407373271889401,31.764456138697767,2023-06-20 09:28:12.939146,8.619
390,8.407373271889401,31.764456138697767,2023-06-20 09:28:12.972134,8.619
391,8.407373271889401,31.764456138697767,2023-06-20 09:28:13.004987,8.619
392,8.407373271889401,31.764456138697767,2023-06-20 09:28:13.018549,8.619
393,8.407373271889401,31.764456138697767,2023-06-20 09:28:13.066702,8.619
394,8.407373271889401,31.764456138697767,2023-06-20 09:28:13.104348,8.619
395,8.407373271889401,31.764456138697767,2023-06-20 09:28:13.136858,8.619
396,8.407373271889401,31.764456138697767,2023-06-20 09:28:13.168438,8.619
397,8.407373271889401,31.764456138697767,2023-06-20 09:28:13.215428,8.619
398,8.407373271889401,31.764456138697767,2023-06-20 09:28:13.247170,8.619
399,8.407373271889401,31.764456138697767,2023-06-20 09:28:13.292021,8.619
400,8.407373271889401,31.764456138697767,2023-06-20 09:28:13.361587,8.619
401,8.407373271889401,31.764456138697767,2023-06-20 09:28:13.394158,8.619
402,8.407373271889401,31.764456138697767,2023-06-20 09:28:13.425412,8.619
403,8.407373271889401,31.764456138697767,2023-06-20 09:28:13.472774,8.619
404,8.407373271889401,31.764456138697767,2023-06-20 09:28:13.508982,8.619
405,8.407373271889401,31.764456138697767,2023-06-20 09:28:13.561162,8.619
406,8.407373271889401,31.764456138697767,2023-06-20 09:28:13.616626,8.619
407,8.407373271889401,31.764456138697767,2023-06-20 09:28:13.693208,8.619
408,8.407373271889401,31.764456138697767,2023-06-20 09:28:13.768275,8.619
409,8.407373271889401,31.764456138697767,2023-06-20 09:28:13.842439,8.619
410,8.407373271889401,31.764456138697767,2023-06-20 09:28:13.916320,8.619
411,8.407373271889401,31.764456138697767,2023-06-20 09:28:13.989537,8.619
412,8.407373271889401,31.764456138697767,2023-06-20 09:28:14.041281,8.619
413,8.407373271889401,31.764456138697767,2023-06-20 09:28:14.114744,8.619
414,8.407373271889401,31.764456138697767,2023-06-20 09:28:14.164548,8.619
415,8.407373271889401,31.764456138697767,2023-06-20 09:28:14.215684,8.619
416,8.407373271889401,31.764456138697767,2023-06-20 09:28:14.266295,8.619
417,8.407373271889401,31.764456138697767,2023-06-20 09:28:14.320889,8.619
418,8.407373271889401,31.764456138697767,2023-06-20 09:28:14.384206,8.619
419,8.407373271889401,31.764456138697767,2023-06-20 09:28:14.431673,8.619
420,8.407373271889401,31.764456138697767,2023-06-20 09:28:14.472465,8.619
421,8.407373271889401,31.764456138697767,2023-06-20 09:28:14.520198,8.619
422,8.407373271889401,31.764456138697767,2023-06-20 09:28:14.571078,8.619
423,8.407373271889401,31.764456138697767,2023-06-20 09:28:14.631714,8.619
424,8.407373271889401,31.764456138697767,2023-06-20 09:28:14.663490,8.619
425,8.407373271889401,31.764456138697767,2023-06-20 09:28:14.710770,8.619
426,8.407373271889401,31.764456138697767,2023-06-20 09:28:14.742737,8.619
427,8.407373271889401,31.764456138697767,2023-06-20 09:28:14.790302,8.619
428,8.407373271889401,31.764456138697767,2023-06-20 09:28:14.837376,8.619
429,8.407373271889401,31.764456138697767,2023-06-20 09:28:14.885036,8.619
430,8.407373271889401,31.764456138697767,2023-06-20 09:28:14.931909,8.619
431,8.407373271889401,31.764456138697767,2023-06-20 09:28:14.979772,8.619
432,8.407373271889401,31.764456138697767,2023-06-20 09:28:15.010443,8.619
433,8.407373271889401,31.764456138697767,2023-06-20 09:28:15.057607,8.619
434,8.407373271889401,31.764456138697767,2023-06-20 09:28:15.089370,8.619
435,8.407373271889401,31.764456138697767,2023-06-20 09:28:15.120529,8.619
436,8.407373271889401,31.764456138697767,2023-06-20 09:28:15.167398,8.619
437,8.407373271889401,31.764456138697767,2023-06-20 09:28:15.199173,8.619
438,8.407373271889401,31.764456138697767,2023-06-20 09:28:15.231386,8.619
439,8.407373271889401,31.764456138697767,2023-06-20 09:28:15.262050,8.619
440,8.407373271889401,31.764456138697767,2023-06-20 09:28:15.293366,8.619
441,8.407373271889401,31.764456138697767,2023-06-20 09:28:15.340956,8.619
442,8.407373271889401,31.764456138697767,2023-06-20 09:28:15.371657,8.619
443,8.407373271889401,31.764456138697767,2023-06-20 09:28:15.419013,8.619
444,8.407373271889401,31.764456138697767,2023-06-20 09:28:15.456169,8.619
445,8.407373271889401,31.764456138697767,2023-06-20 09:28:15.491387,8.619
446,8.407373271889401,31.764456138697767,2023-06-20 09:28:15.535734,8.619
447,8.407373271889401,31.764456138697767,2023-06-20 09:28:15.587169,8.619
448,8.407373271889401,31.764456138697767,2023-06-20 09:28:15.630239,8.619
449,8.407373271889401,31.764456138697767,2023-06-20 09:28:15.677031,8.619
450,8.407373271889401,31.764456138697767,2023-06-20 09:28:15.709304,8.619
451,8.407373271889401,31.764456138697767,2023-06-20 09:28:15.740124,8.619
452,8.407373271889401,31.764456138697767,2023-06-20 09:28:15.770803,8.619
453,8.407373271889401,31.764456138697767,2023-06-20 09:28:15.818633,8.619
454,8.407373271889401,31.764456138697767,2023-06-20 09:28:15.834840,8.619
455,8.407373271889401,31.764456138697767,2023-06-20 09:28:15.882122,8.619
456,8.407373271889401,31.764456138697767,2023-06-20 09:28:15.897293,8.619
457,8.407373271889401,31.764456138697767,2023-06-20 09:28:15.929007,8.619
458,8.407373271889401,31.764456138697767,2023-06-20 09:28:15.959809,8.619
459,8.407373271889401,31.764456138697767,2023-06-20 09:28:15.991474,8.619
460,8.407373271889401,31.764456138697767,2023-06-20 09:28:16.029346,8.619
461,8.407373271889401,31.764456138697767,2023-06-20 09:28:16.054097,8.619
462,8.407373271889401,31.764456138697767,2023-06-20 09:28:16.086471,8.619
463,8.407373271889401,31.764456138697767,2023-06-20 09:28:16.133606,8.619
464,8.407373271889401,31.764456138697767,2023-06-21 11:56:11.480699,8.619
465,8.407373271889401,31.764456138697767,2023-06-21 11:56:13.574293,8.619
466,8.407373271889401,31.764456138697767,2023-06-21 11:56:13.611820,8.619
467,8.407373271889401,31.764456138697767,2023-06-21 11:56:13.650383,8.619
468,8.407373271889401,31.764456138697767,2023-06-21 11:56:13.683453,8.619
469,8.407373271889401,31.764456138697767,2023-06-21 11:56:13.719460,8.619
470,8.407373271889401,31.764456138697767,2023-06-21 11:56:13.753019,8.619
471,8.407373271889401,31.764456138697767,2023-06-21 11:56:13.792621,8.619
472,8.407373271889401,31.764456138697767,2023-06-21 11:56:13.833619,8.619
473,8.407373271889401,31.764456138697767,2023-06-21 11:56:13.877051,8.619
474,8.407373271889401,31.764456138697767,2023-06-21 11:56:13.919581,8.619
475,8.407373271889401,31.764456138697767,2023-06-21 11:56:13.960974,8.619
476,8.407373271889401,31.764456138697767,2023-06-21 11:56:14.008094,8.619
477,8.407373271889401,31.764456138697767,2023-06-21 11:56:14.057208,8.619
478,8.407373271889401,31.764456138697767,2023-06-21 11:56:14.092733,8.619
479,8.407373271889401,31.764456138697767,2023-06-21 11:56:14.128991,8.619
480,8.407373271889401,31.764456138697767,2023-06-21 11:56:14.167536,8.619
481,8.407373271889401,31.764456138697767,2023-06-21 11:56:14.203338,8.619
482,8.407373271889401,31.764456138697767,2023-06-21 11:56:14.242886,8.619
483,8.407373271889401,31.764456138697767,2023-06-21 11:56:14.279886,8.619
484,8.407373271889401,31.764456138697767,2023-06-21 11:56:14.314412,8.619
485,8.407373271889401,31.764456138697767,2023-06-21 11:56:14.348982,8.619
486,8.407373271889401,31.764456138697767,2023-06-21 11:56:14.385987,8.619
487,8.407373271889401,31.764456138697767,2023-06-21 11:56:14.422784,8.619
488,8.407373271889401,31.764456138697767,2023-06-21 11:56:14.461312,8.619
489,8.407373271889401,31.764456138697767,2023-06-21 11:56:14.502835,8.619
490,8.407373271889401,31.764456138697767,2023-06-21 11:56:14.539379,8.619
491,8.407373271889401,31.764456138697767,2023-06-21 11:56:14.564381,8.619
492,8.407373271889401,31.764456138697767,2023-06-21 11:56:14.599964,8.619
493,8.407373271889401,31.764456138697767,2023-06-21 11:56:14.632962,8.619
494,8.407373271889401,31.764456138697767,2023-06-21 11:56:14.669509,8.619
495,8.407373271889401,31.764456138697767,2023-06-21 11:56:14.708030,8.619
496,8.407373271889401,31.764456138697767,2023-06-21 11:56:14.744621,8.619
497,8.407373271889401,31.764456138697767,2023-06-21 11:56:14.776614,8.619
498,8.407373271889401,31.764456138697767,2023-06-21 11:56:14.811172,8.619
499,8.407373271889401,31.764456138697767,2023-06-21 11:56:14.846680,8.619
500,8.407373271889401,31.764456138697767,2023-06-21 11:56:14.901754,8.619
501,8.407373271889401,31.764456138697767,2023-06-21 11:56:14.953496,8.619
502,8.407373271889401,31.764456138697767,2023-06-21 11:56:14.994020,8.619
503,8.407373271889401,31.764456138697767,2023-06-21 11:56:15.031023,8.619
504,8.407373271889401,31.764456138697767,2023-06-21 11:56:15.077792,8.619
505,8.407373271889401,31.764456138697767,2023-06-21 11:56:15.114331,8.619
506,8.407373271889401,31.764456138697767,2023-06-21 11:56:15.157880,8.619
507,8.407373271889401,31.764456138697767,2023-06-21 11:56:15.196955,8.619
508,8.407373271889401,31.764456138697767,2023-06-21 11:56:15.233580,8.619
509,8.407373271889401,31.764456138697767,2023-06-21 11:56:15.273142,8.619
510,8.407373271889401,31.764456138697767,2023-06-21 11:56:15.312799,8.619
511,8.407373271889401,31.764456138697767,2023-06-21 11:56:15.355324,8.619
512,8.407373271889401,31.764456138697767,2023-06-21 11:56:15.396898,8.619
513,8.407373271889401,31.764456138697767,2023-06-21 11:56:15.443587,8.619
514,8.407373271889401,31.764456138697767,2023-06-21 11:56:15.485238,8.619
515,8.407373271889401,31.764456138697767,2023-06-21 11:56:15.526773,8.619
516,8.407373271889401,31.764456138697767,2023-06-21 11:56:15.564638,8.619
517,8.407373271889401,31.764456138697767,2023-06-21 11:56:15.605160,8.619
518,8.407373271889401,31.764456138697767,2023-06-21 11:56:15.638711,8.619
519,8.407373271889401,31.764456138697767,2023-06-21 11:56:15.678325,8.619
520,8.407373271889401,31.764456138697767,2023-06-21 11:56:15.713713,8.619
521,8.407373271889401,31.764456138697767,2023-06-21 11:56:15.750259,8.619
522,8.407373271889401,31.764456138697767,2023-06-21 11:56:15.790270,8.619
523,8.407373271889401,31.764456138697767,2023-06-21 11:56:15.842355,8.619
524,8.407373271889401,31.764456138697767,2023-06-21 11:56:15.882315,8.619
525,8.407373271889401,31.764456138697767,2023-06-21 11:56:15.918785,8.619
526,8.407373271889401,31.764456138697767,2023-06-21 11:56:15.961919,8.619
527,8.407373271889401,31.764456138697767,2023-06-21 11:56:15.998681,8.619
528,8.407373271889401,31.764456138697767,2023-06-21 11:56:16.037200,8.619
529,8.407373271889401,31.764456138697767,2023-06-21 11:56:16.073757,8.619
530,8.407373271889401,31.764456138697767,2023-06-21 11:56:16.111322,8.619
531,8.407373271889401,31.764456138697767,2023-06-21 11:56:16.146407,8.619
532,8.407373271889401,31.764456138697767,2023-06-21 11:56:16.189408,8.619
533,8.407373271889401,31.764456138697767,2023-06-21 11:56:16.225950,8.619
534,8.407373271889401,31.764456138697767,2023-06-21 11:56:16.258081,8.619
535,8.407373271889401,31.764456138697767,2023-06-21 11:56:16.295619,8.619
536,8.407373271889401,31.764456138697767,2023-06-21 11:56:16.329423,8.619
537,8.407373271889401,31.764456138697767,2023-06-21 11:56:16.364713,8.619
538,8.407373271889401,31.764456138697767,2023-06-21 11:56:16.402250,8.619
539,8.407373271889401,31.764456138697767,2023-06-21 11:56:16.441411,8.619
540,8.407373271889401,31.764456138697767,2023-06-21 11:56:16.477431,8.619
541,8.407373271889401,31.764456138697767,2023-06-21 11:56:16.514983,8.619
542,8.407373271889401,31.764456138697767,2023-06-21 11:56:16.566578,8.619
543,8.407373271889401,31.764456138697767,2023-06-21 11:56:16.622017,8.619
544,8.407373271889401,31.764456138697767,2023-06-21 11:56:16.663589,8.619
545,8.407373271889401,31.764456138697767,2023-06-21 11:56:16.696656,8.619
546,8.407373271889401,31.764456138697767,2023-06-21 11:56:16.734172,8.619
547,8.407373271889401,31.764456138697767,2023-06-21 11:56:16.774187,8.619
548,8.407373271889401,31.764456138697767,2023-06-21 11:56:16.808723,8.619
549,8.407373271889401,31.764456138697767,2023-06-21 11:56:16.846270,8.619
550,8.407373271889401,31.764456138697767,2023-06-21 11:56:16.891845,8.619
551,8.407373271889401,31.764456138697767,2023-06-21 11:56:16.931836,8.619
552,8.407373271889401,31.764456138697767,2023-06-21 11:56:16.972389,8.619
553,8.407373271889401,31.764456138697767,2023-06-21 11:56:17.009454,8.619
554,8.407373271889401,31.764456138697767,2023-06-21 11:56:17.042484,8.619
555,8.407373271889401,31.764456138697767,2023-06-21 11:56:17.084811,8.619
556,8.407373271889401,31.764456138697767,2023-06-21 11:56:17.128685,8.619
557,8.407373271889401,31.764456138697767,2023-06-21 11:56:17.171255,8.619
558,8.407373271889401,31.764456138697767,2023-06-21 11:56:17.210355,8.619
559,8.407373271889401,31.764456138697767,2023-06-21 11:56:17.244326,8.619
560,8.407373271889401,31.764456138697767,2023-06-21 11:56:17.287685,8.619
561,8.407373271889401,31.764456138697767,2023-06-21 11:56:17.327245,8.619
562,8.407373271889401,31.764456138697767,2023-06-21 11:56:17.362798,8.619
563,8.407373271889401,31.764456138697767,2023-06-21 11:56:17.398333,8.619
564,8.407373271889401,31.764456138697767,2023-06-21 11:56:17.437854,8.619
565,8.407373271889401,31.764456138697767,2023-06-21 11:56:17.474496,8.619
566,8.407373271889401,31.764456138697767,2023-06-21 11:56:17.511089,8.619
567,8.407373271889401,31.764456138697767,2023-06-21 11:56:17.552656,8.619
568,8.407373271889401,31.764456138697767,2023-06-21 11:56:17.604271,8.619
569,8.407373271889401,31.764456138697767,2023-06-21 11:56:17.660546,8.619
570,8.407373271889401,31.764456138697767,2023-06-21 11:56:17.699126,8.619
571,8.407373271889401,31.764456138697767,2023-06-21 11:56:17.740139,8.619
572,8.407373271889401,31.764456138697767,2023-06-21 11:56:17.772231,8.619
573,8.407373271889401,31.764456138697767,2023-06-21 11:56:17.810789,8.619
574,8.407373271889401,31.764456138697767,2023-06-21 11:56:17.852860,8.619
575,8.407373271889401,31.764456138697767,2023-06-21 11:56:17.889643,8.619
576,8.407373271889401,31.764456138697767,2023-06-21 11:56:17.930177,8.619
577,8.407373271889401,31.764456138697767,2023-06-21 11:56:17.970266,8.619
578,8.407373271889401,31.764456138697767,2023-06-21 11:56:18.035902,8.619
579,8.407373271889401,31.764456138697767,2023-06-21 11:56:18.104182,8.619
580,8.407373271889401,31.764456138697767,2023-06-21 11:56:18.165790,8.619
581,8.407373271889401,31.764456138697767,2023-06-21 11:56:18.222908,8.619
582,8.407373271889401,31.764456138697767,2023-06-21 11:56:18.287670,8.619
583,8.407373271889401,31.764456138697767,2023-06-21 11:56:18.338715,8.619
584,8.407373271889401,31.764456138697767,2023-06-21 11:56:18.384277,8.619
585,8.407373271889401,31.764456138697767,2023-06-21 11:56:18.432837,8.619
586,8.407373271889401,31.764456138697767,2023-06-21 11:56:18.477408,8.619
587,8.407373271889401,31.764456138697767,2023-06-21 11:56:18.538539,8.619
588,8.407373271889401,31.764456138697767,2023-06-21 11:56:18.593326,8.619
589,8.407373271889401,31.764456138697767,2023-06-21 11:56:18.636826,8.619
590,8.407373271889401,31.764456138697767,2023-06-21 11:56:18.673359,8.619
591,8.407373271889401,31.764456138697767,2023-06-21 11:56:18.711902,8.619
592,8.407373271889401,31.764456138697767,2023-06-21 11:56:18.756466,8.619
593,8.407373271889401,31.764456138697767,2023-06-21 11:56:18.794221,8.619
594,8.407373271889401,31.764456138697767,2023-06-21 11:56:18.832962,8.619
595,8.407373271889401,31.764456138697767,2023-06-21 11:56:18.874989,8.619
596,8.407373271889401,31.764456138697767,2023-06-21 11:56:18.909548,8.619
597,8.407373271889401,31.764456138697767,2023-06-21 11:56:18.951005,8.619
598,8.407373271889401,31.764456138697767,2023-06-21 11:56:18.982524,8.619
599,8.407373271889401,31.764456138697767,2023-06-21 11:56:19.016078,8.619
600,8.407373271889401,31.764456138697767,2023-06-21 11:56:19.059660,8.619
601,8.407373271889401,31.764456138697767,2023-06-21 11:56:19.093711,8.619
602,8.407373271889401,31.764456138697767,2023-06-21 11:56:19.132721,8.619
603,8.407373271889401,31.764456138697767,2023-06-21 11:56:19.164816,8.619
604,8.407373271889401,31.764456138697767,2023-06-21 11:56:19.202099,8.619
605,8.407373271889401,31.764456138697767,2023-06-21 11:56:19.238634,8.619
606,8.407373271889401,31.764456138697767,2023-06-21 11:56:19.270154,8.619
607,8.407373271889401,31.764456138697767,2023-06-21 11:56:19.304197,8.619
608,8.407373271889401,31.764456138697767,2023-06-21 11:56:19.333201,8.619
609,8.407373271889401,31.764456138697767,2023-06-21 11:56:19.368730,8.619
610,8.407373271889401,31.764456138697767,2023-06-21 11:56:19.411280,8.619
611,8.407373271889401,31.764456138697767,2023-06-21 11:56:19.448802,8.619
612,8.407373271889401,31.764456138697767,2023-06-21 11:56:19.479804,8.619
613,8.407373271889401,31.764456138697767,2023-06-21 11:56:19.524373,8.619
614,8.407373271889401,31.764456138697767,2023-06-21 11:56:19.559890,8.619
615,8.407373271889401,31.764456138697767,2023-06-21 11:56:19.594092,8.619
616,8.407373271889401,31.764456138697767,2023-06-21 11:56:19.624847,8.619
617,8.407373271889401,31.764456138697767,2023-06-21 11:56:19.659354,8.619
618,8.407373271889401,31.764456138697767,2023-06-21 11:56:19.693354,8.619
619,8.407373271889401,31.764456138697767,2023-06-21 11:56:19.717897,8.619
620,8.407373271889401,31.764456138697767,2023-06-21 11:56:19.749415,8.619
621,8.407373271889401,31.764456138697767,2023-06-21 11:56:19.785417,8.619
622,8.407373271889401,31.764456138697767,2023-06-21 11:56:19.824955,8.619
623,8.407373271889401,31.764456138697767,2023-06-21 11:56:19.865534,8.619
624,8.407373271889401,31.764456138697767,2023-06-21 11:56:19.901594,8.619
625,8.407373271889401,31.764456138697767,2023-06-21 11:56:19.935208,8.619
626,8.407373271889401,31.764456138697767,2023-06-21 11:56:19.966753,8.619
627,8.407373271889401,31.764456138697767,2023-06-21 11:56:20.002374,8.619
628,8.407373271889401,31.764456138697767,2023-06-21 11:56:20.042673,8.619
629,8.407373271889401,31.764456138697767,2023-06-21 11:56:20.070091,8.619
630,8.407373271889401,31.764456138697767,2023-06-21 11:56:20.101621,8.619
631,8.407373271889401,31.764456138697767,2023-06-21 11:56:20.125623,8.619
632,8.407373271889401,31.764456138697767,2023-06-21 11:56:20.165157,8.619
633,8.407373271889401,31.764456138697767,2023-06-21 11:56:20.199235,8.619
634,8.407373271889401,31.764456138697767,2023-06-21 11:56:20.231815,8.619
635,8.407373271889401,31.764456138697767,2023-06-21 11:56:20.259340,8.619
636,8.407373271889401,31.764456138697767,2023-06-21 11:56:20.289859,8.619
637,8.407373271889401,31.764456138697767,2023-06-21 11:56:20.325858,8.619
638,8.407373271889401,31.764456138697767,2023-06-21 11:56:20.359395,8.619
639,8.407373271889401,31.764456138697767,2023-06-21 11:56:20.386388,8.619
640,8.407373271889401,31.764456138697767,2023-06-21 11:56:20.421926,8.619
641,8.407373271889401,31.764456138697767,2023-06-21 11:56:20.457439,8.619
642,8.407373271889401,31.764456138697767,2023-06-21 11:56:20.491968,8.619
643,8.407373271889401,31.764456138697767,2023-06-21 11:56:20.519971,8.619
644,8.407373271889401,31.764456138697767,2023-06-21 11:56:20.558495,8.619
645,8.407373271889401,31.764456138697767,2023-06-21 11:56:20.587499,8.619
646,8.407373271889401,31.764456138697767,2023-06-21 11:56:20.621045,8.619
647,8.407373271889401,31.764456138697767,2023-06-21 11:56:20.646554,8.619
648,8.407373271889401,31.764456138697767,2023-06-21 11:56:20.675545,8.619
649,8.407373271889401,31.764456138697767,2023-06-21 11:56:20.718102,8.619
650,8.407373271889401,31.764456138697767,2023-06-21 11:56:20.744640,8.619
651,8.407373271889401,31.764456138697767,2023-06-21 11:56:20.785183,8.619
652,8.407373271889401,31.764456138697767,2023-06-21 11:56:20.850863,8.619
653,8.407373271889401,31.764456138697767,2023-06-21 11:56:20.938955,8.619
654,8.407373271889401,31.764456138697767,2023-06-21 11:56:20.996247,8.619
655,8.407373271889401,31.764456138697767,2023-06-21 11:56:21.055478,8.619
656,8.407373271889401,31.764456138697767,2023-06-21 11:56:21.107698,8.619
657,8.407373271889401,31.764456138697767,2023-06-21 11:56:21.154470,8.619
658,8.407373271889401,31.764456138697767,2023-06-21 11:56:21.209051,8.619
659,8.407373271889401,31.764456138697767,2023-06-21 11:56:21.245623,8.619
660,8.407373271889401,31.764456138697767,2023-06-21 11:56:21.292626,8.619
661,8.407373271889401,31.764456138697767,2023-06-21 11:56:21.337157,8.619
662,8.407373271889401,31.764456138697767,2023-06-21 11:56:21.378696,8.619
663,8.407373271889401,31.764456138697767,2023-06-21 11:56:21.415216,8.619
664,8.407373271889401,31.764456138697767,2023-06-21 11:56:21.449767,8.619
665,8.407373271889401,31.764456138697767,2023-06-21 11:56:21.482768,8.619
666,8.407373271889401,31.764456138697767,2023-06-21 11:56:21.517218,8.619
667,8.407373271889401,31.764456138697767,2023-06-21 11:56:21.554762,8.619
668,8.407373271889401,31.764456138697767,2023-06-21 11:56:21.585765,8.619
669,8.407373271889401,31.764456138697767,2023-06-21 11:56:21.620293,8.619
670,8.407373271889401,31.764456138697767,2023-06-21 11:56:21.651738,8.619
671,8.407373271889401,31.764456138697767,2023-06-21 11:56:21.680730,8.619
672,8.407373271889401,31.764456138697767,2023-06-21 11:56:21.711288,8.619
673,8.407373271889401,31.764456138697767,2023-06-21 11:56:21.739290,8.619
674,8.407373271889401,31.764456138697767,2023-06-21 11:56:21.769834,8.619
675,8.407373271889401,31.764456138697767,2023-06-21 11:56:21.797393,8.619
676,8.407373271889401,31.764456138697767,2023-06-21 11:56:21.823402,8.619
677,8.407373271889401,31.764456138697767,2023-06-21 11:56:21.862961,8.619
678,8.407373271889401,31.764456138697767,2023-06-21 11:56:21.894484,8.619
679,8.407373271889401,31.764456138697767,2023-06-21 11:56:21.927493,8.619
680,8.407373271889401,31.764456138697767,2023-06-21 11:56:21.951010,8.619
681,8.407373271889401,31.764456138697767,2023-06-21 11:56:21.981022,8.619
682,8.407373271889401,31.764456138697767,2023-06-21 11:56:22.024140,8.619
683,8.407373271889401,31.764456138697767,2023-06-21 11:56:22.068289,8.619
684,8.407373271889401,31.764456138697767,2023-06-21 11:56:22.100841,8.619
685,8.407373271889401,31.764456138697767,2023-06-21 11:56:22.135386,8.619
686,8.407373271889401,31.764456138697767,2023-06-21 11:56:22.189437,8.619
687,8.407373271889401,31.764456138697767,2023-06-21 11:56:22.226030,8.619
688,8.407373271889401,31.764456138697767,2023-06-21 11:56:22.267569,8.619
689,8.407373271889401,31.764456138697767,2023-06-21 11:56:22.305669,8.619
690,8.407373271889401,31.764456138697767,2023-06-21 11:56:22.338209,8.619
691,8.407373271889401,31.764456138697767,2023-06-21 11:56:22.368210,8.619
692,8.407373271889401,31.764456138697767,2023-06-21 11:56:22.402743,8.619
693,8.407373271889401,31.764456138697767,2023-06-21 11:56:22.434747,8.619
694,8.407373271889401,31.764456138697767,2023-06-21 11:56:22.466187,8.619
695,8.407373271889401,31.764456138697767,2023-06-21 11:56:22.498960,8.619
696,8.407373271889401,31.764456138697767,2023-06-21 11:56:22.526959,8.619
697,8.407373271889401,31.764456138697767,2023-06-21 11:56:22.556497,8.619
698,8.407373271889401,31.764456138697767,2023-06-21 11:56:22.587029,8.619
699,8.407373271889401,31.764456138697767,2023-06-21 11:56:22.616031,8.619
700,8.407373271889401,31.764456138697767,2023-06-21 11:56:22.640029,8.619
701,8.407373271889401,31.764456138697767,2023-06-21 11:56:22.667585,8.619
702,8.407373271889401,31.764456138697767,2023-06-21 11:56:22.699872,8.619
703,8.407373271889401,31.764456138697767,2023-06-21 11:56:22.724891,8.619
704,8.407373271889401,31.764456138697767,2023-06-21 11:56:22.760430,8.619
705,8.407373271889401,31.764456138697767,2023-06-21 11:56:22.794962,8.619
706,8.407373271889401,31.764456138697767,2023-06-21 11:56:22.822972,8.619
707,8.407373271889401,31.764456138697767,2023-06-21 11:56:22.856502,8.619
708,8.407373271889401,31.764456138697767,2023-06-21 11:56:22.890509,8.619
709,8.407373271889401,31.764456138697767,2023-06-21 11:56:22.916066,8.619
710,8.407373271889401,31.764456138697767,2023-06-21 11:56:22.944604,8.619
711,8.407373271889401,31.764456138697767,2023-06-21 11:56:22.973609,8.619
712,8.407373271889401,31.764456138697767,2023-06-21 11:56:23.001518,8.619
713,8.407373271889401,31.764456138697767,2023-06-21 11:56:23.029508,8.619
714,8.407373271889401,31.764456138697767,2023-06-21 11:56:23.058608,8.619
715,8.407373271889401,31.764456138697767,2023-06-21 11:56:23.096701,8.619
716,8.407373271889401,31.764456138697767,2023-06-21 11:56:23.132685,8.619
717,8.407373271889401,31.764456138697767,2023-06-21 11:56:23.176236,8.619
718,8.407373271889401,31.764456138697767,2023-06-21 11:56:23.211968,8.619
719,8.407373271889401,31.764456138697767,2023-06-21 11:56:23.243569,8.619
720,8.407373271889401,31.764456138697767,2023-06-21 11:56:23.272557,8.619
721,8.407373271889401,31.764456138697767,2023-06-21 11:56:23.303668,8.619
722,8.407373271889401,31.764456138697767,2023-06-21 11:56:23.344211,8.619
723,8.407373271889401,31.764456138697767,2023-06-21 11:56:23.378222,8.619
724,8.407373271889401,31.764456138697767,2023-06-21 11:56:23.410753,8.619
725,8.407373271889401,31.764456138697767,2023-06-21 11:56:23.441978,8.619
726,8.407373271889401,31.764456138697767,2023-06-21 11:56:23.469967,8.619
727,8.407373271889401,31.764456138697767,2023-06-21 11:56:23.497991,8.619
728,8.407373271889401,31.764456138697767,2023-06-21 11:56:23.527974,8.619
729,8.407373271889401,31.764456138697767,2023-06-21 11:56:23.556527,8.619
730,8.407373271889401,31.764456138697767,2023-06-21 11:56:23.585528,8.619
731,8.407373271889401,31.764456138697767,2023-06-21 11:56:23.613070,8.619
732,8.407373271889401,31.764456138697767,2023-06-21 11:56:23.639602,8.619
733,8.407373271889401,31.764456138697767,2023-06-21 11:56:23.669600,8.619
734,8.407373271889401,31.764456138697767,2023-06-21 11:56:23.697114,8.619
735,8.407373271889401,31.764456138697767,2023-06-21 11:56:23.725123,8.619
736,8.407373271889401,31.764456138697767,2023-06-21 11:56:23.751643,8.619
737,8.407373271889401,31.764456138697767,2023-06-21 11:56:23.777643,8.619
738,8.407373271889401,31.764456138697767,2023-06-21 11:56:23.804229,8.619
739,8.407373271889401,31.764456138697767,2023-06-21 11:56:23.837688,8.619
740,8.407373271889401,31.764456138697767,2023-06-21 11:56:23.867717,8.619
741,8.407373271889401,31.764456138697767,2023-06-21 11:56:23.907244,8.619
742,8.407373271889401,31.764456138697767,2023-06-21 11:56:23.936887,8.619
743,8.407373271889401,31.764456138697767,2023-06-21 11:56:23.967405,8.619
744,8.407373271889401,31.764456138697767,2023-06-21 11:56:23.999464,8.619
745,8.407373271889401,31.764456138697767,2023-06-21 11:56:24.033464,8.619
746,8.407373271889401,31.764456138697767,2023-06-21 11:56:24.064540,8.619
747,8.407373271889401,31.764456138697767,2023-06-21 11:56:24.096702,8.619
748,8.407373271889401,31.764456138697767,2023-06-21 11:56:24.129697,8.619
749,8.407373271889401,31.764456138697767,2023-06-21 11:56:24.157741,8.619
750,8.407373271889401,31.764456138697767,2023-06-21 11:56:24.196259,8.619
751,8.407373271889401,31.764456138697767,2023-06-21 11:56:24.226849,8.619
752,8.407373271889401,31.764456138697767,2023-06-21 11:56:24.254381,8.619
753,8.407373271889401,31.764456138697767,2023-06-21 11:56:24.299940,8.619
754,8.407373271889401,31.764456138697767,2023-06-21 11:56:24.333597,8.619
755,8.407373271889401,31.764456138697767,2023-06-21 11:56:24.367196,8.619
756,8.407373271889401,31.764456138697767,2023-06-21 11:56:24.400244,8.619
757,8.407373271889401,31.764456138697767,2023-06-21 11:56:24.433347,8.619
758,8.407373271889401,31.764456138697767,2023-06-21 11:56:24.468815,8.619
759,8.407373271889401,31.764456138697767,2023-06-21 11:56:24.495328,8.619
760,8.407373271889401,31.764456138697767,2023-06-21 11:56:24.524327,8.619
761,8.407373271889401,31.764456138697767,2023-06-21 11:56:24.551880,8.619
762,8.407373271889401,31.764456138697767,2023-06-21 11:56:24.580600,8.619
763,8.407373271889401,31.764456138697767,2023-06-21 11:56:24.609977,8.619
764,8.407373271889401,31.764456138697767,2023-06-21 11:56:24.655114,8.619
765,8.407373271889401,31.764456138697767,2023-06-21 11:56:24.699549,8.619
766,8.407373271889401,31.764456138697767,2023-06-21 11:56:24.743806,8.619
767,8.407373271889401,31.764456138697767,2023-06-21 11:56:24.781803,8.619
768,8.407373271889401,31.764456138697767,2023-06-21 11:56:24.820424,8.619
769,8.407373271889401,31.764456138697767,2023-06-21 11:56:24.883020,8.619
770,8.407373271889401,31.764456138697767,2023-06-21 11:56:24.930828,8.619
771,8.407373271889401,31.764456138697767,2023-06-21 11:56:24.967352,8.619
772,8.407373271889401,31.764456138697767,2023-06-21 11:56:25.003578,8.619
773,8.407373271889401,31.764456138697767,2023-06-21 11:56:25.046037,8.619
774,8.407373271889401,31.764456138697767,2023-06-21 11:56:25.093561,8.619
775,8.407373271889401,31.764456138697767,2023-06-21 11:56:25.130105,8.619
776,8.407373271889401,31.764456138697767,2023-06-21 11:56:25.166642,8.619
777,8.407373271889401,31.764456138697767,2023-06-21 11:56:25.209749,8.619
778,8.407373271889401,31.764456138697767,2023-06-21 11:56:25.244291,8.619
779,8.407373271889401,31.764456138697767,2023-06-21 11:56:25.277300,8.619
780,8.407373271889401,31.764456138697767,2023-06-21 11:56:25.309828,8.619
781,8.407373271889401,31.764456138697767,2023-06-21 11:56:25.343712,8.619
782,8.407373271889401,31.764456138697767,2023-06-21 11:56:25.374804,8.619
783,8.407373271889401,31.764456138697767,2023-06-21 11:56:25.408258,8.619
784,8.407373271889401,31.764456138697767,2023-06-21 11:56:25.440764,8.619
785,8.407373271889401,31.764456138697767,2023-06-21 11:56:25.471933,8.619
786,8.407373271889401,31.764456138697767,2023-06-21 11:56:25.495313,8.619
787,8.407373271889401,31.764456138697767,2023-06-21 11:56:25.528851,8.619
788,8.407373271889401,31.764456138697767,2023-06-21 11:56:25.565505,8.619
789,8.407373271889401,31.764456138697767,2023-06-21 11:56:25.614029,8.619
790,8.407373271889401,31.764456138697767,2023-06-21 11:56:25.648587,8.619
791,8.407373271889401,31.764456138697767,2023-06-21 11:56:25.676584,8.619
792,8.407373271889401,31.764456138697767,2023-06-21 11:56:25.706111,8.619
793,8.407373271889401,31.764456138697767,2023-06-21 11:56:25.735129,8.619
794,8.407373271889401,31.764456138697767,2023-06-21 11:56:25.763682,8.619
795,8.407373271889401,31.764456138697767,2023-06-21 11:56:25.789181,8.619
796,8.407373271889401,31.764456138697767,2023-06-21 11:56:25.817194,8.619
797,8.407373271889401,31.764456138697767,2023-06-21 11:56:25.858254,8.619
798,8.407373271889401,31.764456138697767,2023-06-21 11:56:25.896875,8.619
799,8.407373271889401,31.764456138697767,2023-06-21 11:56:25.939866,8.619
800,8.407373271889401,31.764456138697767,2023-06-21 11:56:25.974408,8.619
801,8.407373271889401,31.764456138697767,2023-06-21 11:56:26.008474,8.619
802,8.407373271889401,31.764456138697767,2023-06-21 11:56:26.038182,8.619
803,8.407373271889401,31.764456138697767,2023-06-21 11:56:26.067553,8.619
804,8.407373271889401,31.764456138697767,2023-06-21 11:56:26.095102,8.619
805,8.407373271889401,31.764456138697767,2023-06-21 11:56:26.121646,8.619
806,8.407373271889401,31.764456138697767,2023-06-21 11:56:26.152197,8.619
807,8.407373271889401,31.764456138697767,2023-06-21 11:56:26.191192,8.619
808,8.407373271889401,31.764456138697767,2023-06-21 11:56:26.217726,8.619
809,8.407373271889401,31.764456138697767,2023-06-21 11:56:26.247262,8.619
810,8.407373271889401,31.764456138697767,2023-06-21 11:56:26.279901,8.619
811,8.407373271889401,31.764456138697767,2023-06-21 11:56:26.314982,8.619
812,8.407373271889401,31.764456138697767,2023-06-21 11:56:26.343507,8.619
813,8.407373271889401,31.764456138697767,2023-06-21 11:56:26.372498,8.619
814,8.407373271889401,31.764456138697767,2023-06-21 11:56:26.400019,8.619
815,8.407373271889401,31.764456138697767,2023-06-21 11:56:26.432190,8.619
816,8.407373271889401,31.764456138697767,2023-06-21 11:56:26.462567,8.619
817,8.407373271889401,31.764456138697767,2023-06-21 11:56:26.491072,8.619
818,8.407373271889401,31.764456138697767,2023-06-21 11:56:26.524852,8.619
819,8.407373271889401,31.764456138697767,2023-06-21 11:56:26.571167,8.619
820,8.407373271889401,31.764456138697767,2023-06-21 11:56:26.620298,8.619
821,8.407373271889401,31.764456138697767,2023-06-21 11:56:26.690725,8.619
822,8.407373271889401,31.764456138697767,2023-06-21 11:56:26.772843,8.619
823,8.407373271889401,31.764456138697767,2023-06-21 11:56:26.831106,8.619
824,8.407373271889401,31.764456138697767,2023-06-21 11:56:26.892641,8.619
825,8.407373271889401,31.764456138697767,2023-06-21 11:56:26.960918,8.619
826,8.407373271889401,31.764456138697767,2023-06-21 11:56:26.998452,8.619
827,8.407373271889401,31.764456138697767,2023-06-21 11:56:27.032462,8.619
828,8.407373271889401,31.764456138697767,2023-06-21 11:56:27.081648,8.619
829,8.407373271889401,31.764456138697767,2023-06-21 11:56:27.133748,8.619
830,8.407373271889401,31.764456138697767,2023-06-21 11:56:27.180263,8.619
831,8.407373271889401,31.764456138697767,2023-06-21 11:56:27.227378,8.619
832,8.407373271889401,31.764456138697767,2023-06-21 11:56:27.271909,8.619
833,8.407373271889401,31.764456138697767,2023-06-21 11:56:27.311999,8.619
834,8.407373271889401,31.764456138697767,2023-06-21 11:56:27.358528,8.619
835,8.407373271889401,31.764456138697767,2023-06-21 11:56:27.398079,8.619
836,8.407373271889401,31.764456138697767,2023-06-21 11:56:27.434080,8.619
837,8.407373271889401,31.764456138697767,2023-06-21 11:56:27.474625,8.619
838,8.407373271889401,31.764456138697767,2023-06-21 11:56:27.508149,8.619
839,8.407373271889401,31.764456138697767,2023-06-21 11:56:27.538150,8.619
840,8.407373271889401,31.764456138697767,2023-06-21 11:56:27.571697,8.619
841,8.407373271889401,31.764456138697767,2023-06-21 11:56:27.602241,8.619
842,8.407373271889401,31.764456138697767,2023-06-21 11:56:27.630246,8.619
843,8.407373271889401,31.764456138697767,2023-06-21 11:56:27.658775,8.619
844,8.407373271889401,31.764456138697767,2023-06-21 11:56:27.685310,8.619
845,8.407373271889401,31.764456138697767,2023-06-21 11:56:27.718311,8.619
846,8.407373271889401,31.764456138697767,2023-06-21 11:56:27.746836,8.619
847,8.407373271889401,31.764456138697767,2023-06-21 11:56:27.778836,8.619
848,8.407373271889401,31.764456138697767,2023-06-21 11:56:27.814385,8.619
849,8.407373271889401,31.764456138697767,2023-06-21 11:56:27.849599,8.619
850,8.407373271889401,31.764456138697767,2023-06-21 11:56:27.920156,8.619
851,8.407373271889401,31.764456138697767,2023-06-21 11:56:27.947232,8.619
852,8.407373271889401,31.764456138697767,2023-06-21 11:56:27.976246,8.619
853,8.407373271889401,31.764456138697767,2023-06-21 11:56:28.002301,8.619
854,8.407373271889401,31.764456138697767,2023-06-21 11:56:28.034285,8.619
855,8.407373271889401,31.764456138697767,2023-06-21 11:56:28.073978,8.619
856,8.407373271889401,31.764456138697767,2023-06-21 11:56:28.105541,8.619
857,8.407373271889401,31.764456138697767,2023-06-21 11:56:28.137541,8.619
858,8.407373271889401,31.764456138697767,2023-06-21 11:56:28.174051,8.619
859,8.407373271889401,31.764456138697767,2023-06-21 11:56:28.203491,8.619
860,8.407373271889401,31.764456138697767,2023-06-21 11:56:28.233004,8.619
861,8.407373271889401,31.764456138697767,2023-06-21 11:56:28.263539,8.619
862,8.407373271889401,31.764456138697767,2023-06-21 11:56:28.293089,8.619
863,8.407373271889401,31.764456138697767,2023-06-21 11:56:28.321079,8.619
864,8.407373271889401,31.764456138697767,2023-06-21 11:56:28.352648,8.619
865,8.407373271889401,31.764456138697767,2023-06-21 11:56:28.387182,8.619
866,8.407373271889401,31.764456138697767,2023-06-21 11:56:28.420721,8.619
867,8.407373271889401,31.764456138697767,2023-06-21 11:56:28.451815,8.619
868,8.407373271889401,31.764456138697767,2023-06-21 11:56:28.482809,8.619
869,8.407373271889401,31.764456138697767,2023-06-21 11:56:28.514377,8.619
870,8.407373271889401,31.764456138697767,2023-06-21 11:56:28.544915,8.619
871,8.407373271889401,31.764456138697767,2023-06-21 11:56:28.575766,8.619
872,8.407373271889401,31.764456138697767,2023-06-21 11:56:28.606809,8.619
873,8.407373271889401,31.764456138697767,2023-06-21 11:56:28.639823,8.619
874,8.407373271889401,31.764456138697767,2023-06-21 11:56:28.672353,8.619
875,8.407373271889401,31.764456138697767,2023-06-21 11:56:28.703679,8.619
876,8.407373271889401,31.764456138697767,2023-06-21 11:56:28.734254,8.619
877,8.407373271889401,31.764456138697767,2023-06-21 11:56:28.763765,8.619
878,8.407373271889401,31.764456138697767,2023-06-21 11:56:28.795284,8.619
879,8.407373271889401,31.764456138697767,2023-06-21 11:56:28.829288,8.619
880,8.407373271889401,31.764456138697767,2023-06-21 11:56:28.863612,8.619
881,8.407373271889401,31.764456138697767,2023-06-21 11:56:28.890613,8.619
882,8.407373271889401,31.764456138697767,2023-06-21 11:56:28.925141,8.619
883,8.407373271889401,31.764456138697767,2023-06-21 11:56:28.953670,8.619
884,8.407373271889401,31.764456138697767,2023-06-21 11:56:28.984797,8.619
885,8.407373271889401,31.764456138697767,2023-06-21 11:56:29.014354,8.619
886,8.407373271889401,31.764456138697767,2023-06-21 11:56:29.050904,8.619
887,8.407373271889401,31.764456138697767,2023-06-21 11:56:29.095513,8.619
888,8.407373271889401,31.764456138697767,2023-06-21 11:56:29.145029,8.619
889,8.407373271889401,31.764456138697767,2023-06-21 11:56:29.184588,8.619
890,8.407373271889401,31.764456138697767,2023-06-21 11:56:29.214769,8.619
891,8.407373271889401,31.764456138697767,2023-06-21 11:56:29.245885,8.619
892,8.407373271889401,31.764456138697767,2023-06-21 11:56:29.276881,8.619
893,8.407373271889401,31.764456138697767,2023-06-21 11:56:29.308967,8.619
894,8.407373271889401,31.764456138697767,2023-06-21 11:56:29.341507,8.619
895,8.407373271889401,31.764456138697767,2023-06-21 11:56:29.373520,8.619
896,8.407373271889401,31.764456138697767,2023-06-21 11:56:29.405085,8.619
897,8.407373271889401,31.764456138697767,2023-06-21 11:56:29.436587,8.619
898,8.407373271889401,31.764456138697767,2023-06-21 11:56:29.467155,8.619
899,8.407373271889401,31.764456138697767,2023-06-21 11:56:29.497508,8.619
900,8.407373271889401,31.764456138697767,2023-06-21 11:56:29.535520,8.619
901,8.407373271889401,31.764456138697767,2023-06-21 11:56:29.569085,8.619
902,8.407373271889401,31.764456138697767,2023-06-21 11:56:29.597306,8.619
903,8.407373271889401,31.764456138697767,2023-06-21 11:56:29.627315,8.619
904,8.407373271889401,31.764456138697767,2023-06-21 11:56:29.657845,8.619
905,8.407373271889401,31.764456138697767,2023-06-21 11:56:29.691369,8.619
906,8.407373271889401,31.764456138697767,2023-06-21 11:56:29.721362,8.619
907,8.407373271889401,31.764456138697767,2023-06-21 11:56:29.750938,8.619
908,8.407373271889401,31.764456138697767,2023-06-21 11:56:29.781598,8.619
909,8.407373271889401,31.764456138697767,2023-06-21 11:56:29.806134,8.619
910,8.407373271889401,31.764456138697767,2023-06-21 11:56:29.839665,8.619
911,8.407373271889401,31.764456138697767,2023-06-21 11:56:29.879519,8.619
912,8.407373271889401,31.764456138697767,2023-06-21 11:56:29.923438,8.619
913,8.407373271889401,31.764456138697767,2023-06-21 11:56:29.973968,8.619
914,8.407373271889401,31.764456138697767,2023-06-21 11:56:30.017515,8.619
915,8.407373271889401,31.764456138697767,2023-06-21 11:56:30.061530,8.619
916,8.407373271889401,31.764456138697767,2023-06-21 11:56:30.096164,8.619
917,8.407373271889401,31.764456138697767,2023-06-21 11:56:30.138171,8.619
918,8.407373271889401,31.764456138697767,2023-06-21 11:56:30.184708,8.619
919,8.407373271889401,31.764456138697767,2023-06-21 11:56:30.219886,8.619
920,8.407373271889401,31.764456138697767,2023-06-21 11:56:30.256429,8.619
921,8.407373271889401,31.764456138697767,2023-06-21 11:56:30.289600,8.619
922,8.407373271889401,31.764456138697767,2023-06-21 11:56:30.337919,8.619
923,8.407373271889401,31.764456138697767,2023-06-21 11:56:30.379911,8.619
924,8.407373271889401,31.764456138697767,2023-06-21 11:56:30.416455,8.619
925,8.407373271889401,31.764456138697767,2023-06-21 11:56:30.455022,8.619
926,8.407373271889401,31.764456138697767,2023-06-21 11:56:30.489550,8.619
927,8.407373271889401,31.764456138697767,2023-06-21 11:56:30.526560,8.619
928,8.407373271889401,31.764456138697767,2023-06-21 11:56:30.561667,8.619
929,8.407373271889401,31.764456138697767,2023-06-21 11:56:30.602111,8.619
930,8.407373271889401,31.764456138697767,2023-06-21 11:56:30.634092,8.619
931,8.407373271889401,31.764456138697767,2023-06-21 11:56:30.672632,8.619
932,8.407373271889401,31.764456138697767,2023-06-21 11:56:30.702711,8.619
933,8.407373271889401,31.764456138697767,2023-06-21 11:56:30.736174,8.619
934,8.407373271889401,31.764456138697767,2023-06-21 11:56:30.768178,8.619
935,8.407373271889401,31.764456138697767,2023-06-21 11:56:30.796915,8.619
936,8.407373271889401,31.764456138697767,2023-06-21 11:56:30.832067,8.619
937,8.407373271889401,31.764456138697767,2023-06-21 11:56:30.866429,8.619
938,8.407373271889401,31.764456138697767,2023-06-21 11:56:30.898972,8.619
939,8.407373271889401,31.764456138697767,2023-06-21 11:56:30.930781,8.619
940,8.407373271889401,31.764456138697767,2023-06-21 11:56:30.964294,8.619
941,8.407373271889401,31.764456138697767,2023-06-21 11:56:30.995356,8.619
942,8.407373271889401,31.764456138697767,2023-06-21 11:56:31.026372,8.619
943,8.407373271889401,31.764456138697767,2023-06-21 11:56:31.054947,8.619
944,8.407373271889401,31.764456138697767,2023-06-21 11:56:31.095040,8.619
945,8.407373271889401,31.764456138697767,2023-06-21 11:56:31.130369,8.619
946,8.407373271889401,31.764456138697767,2023-06-21 11:56:31.164892,8.619
947,8.407373271889401,31.764456138697767,2023-06-21 11:56:31.197440,8.619
948,8.407373271889401,31.764456138697767,2023-06-21 11:56:31.228002,8.619
949,8.407373271889401,31.764456138697767,2023-06-21 11:56:31.253526,8.619
950,8.407373271889401,31.764456138697767,2023-06-21 11:56:31.284524,8.619
951,8.407373271889401,31.764456138697767,2023-06-21 11:56:31.314067,8.619
952,8.407373271889401,31.764456138697767,2023-06-21 11:56:31.342588,8.619
953,8.407373271889401,31.764456138697767,2023-06-21 11:56:31.375581,8.619
954,8.407373271889401,31.764456138697767,2023-06-21 11:56:31.405125,8.619
955,8.407373271889401,31.764456138697767,2023-06-21 11:56:31.442111,8.619
956,8.407373271889401,31.764456138697767,2023-06-21 11:56:31.483648,8.619
957,8.407373271889401,31.764456138697767,2023-06-21 11:56:31.512167,8.619
958,8.407373271889401,31.764456138697767,2023-06-21 11:56:31.541698,8.619
959,8.407373271889401,31.764456138697767,2023-06-21 11:56:31.572704,8.619
960,8.407373271889401,31.764456138697767,2023-06-21 11:56:31.602227,8.619
961,8.407373271889401,31.764456138697767,2023-06-21 11:56:31.640730,8.619
962,8.77,30.86,2023-07-13 08:24:22.386685,8.437
963,8.77,30.68,2023-07-13 08:40:05.348163,8.422
964,7.68,29.87,2023-07-13 08:55:48.611325,8.671
965,8.13,31.58,2023-07-13 09:11:31.863863,8.684
966,7.76,29.51,2023-07-13 10:46:03.114792,8.618
967,7.6,29.51,2023-07-13 11:01:47.494881,8.664
968,7.6,29.51,2023-07-13 11:17:30.701984,8.664
969,7.6,29.51,2023-07-13 11:33:12.682732,8.664
970,8.05,29.51,2023-07-13 11:48:55.530098,8.533
971,8.25,29.51,2023-07-13 12:04:47.051758,8.475
