time,temperature_2m (°C),relativehumidity_2m (%),diffuse_radiation (W/m²)
2023-06-06T00:00,29.2,85,0.0
2023-06-06T01:00,28.8,87,0.0
2023-06-06T02:00,28.4,90,0.0
2023-06-06T03:00,28.0,91,0.0
2023-06-06T04:00,27.7,93,0.0
2023-06-06T05:00,27.4,94,0.0
2023-06-06T06:00,27.8,93,19.0
2023-06-06T07:00,29.7,86,64.0
2023-06-06T08:00,31.3,79,101.0
2023-06-06T09:00,33.0,73,161.0
2023-06-06T10:00,35.0,61,211.0
2023-06-06T11:00,36.8,51,272.0
2023-06-06T12:00,37.1,50,325.0
2023-06-06T13:00,37.9,46,299.0
2023-06-06T14:00,38.1,45,268.0
2023-06-06T15:00,38.2,44,225.0
2023-06-06T16:00,37.9,43,188.0
2023-06-06T17:00,37.4,43,132.0
2023-06-06T18:00,36.4,49,79.0
2023-06-06T19:00,33.8,63,15.0
2023-06-06T20:00,32.1,71,0.0
2023-06-06T21:00,31.7,75,0.0
2023-06-06T22:00,30.8,76,0.0
2023-06-06T23:00,30.0,79,0.0
2023-06-07T00:00,29.5,83,0.0
2023-06-07T01:00,29.2,85,0.0
2023-06-07T02:00,28.9,88,0.0
2023-06-07T03:00,28.7,91,0.0
2023-06-07T04:00,28.6,93,0.0
2023-06-07T05:00,28.5,95,0.0
2023-06-07T06:00,28.4,94,20.0
2023-06-07T07:00,30.2,89,94.0
2023-06-07T08:00,32.0,81,151.0
2023-06-07T09:00,33.7,73,216.0
2023-06-07T10:00,34.9,65,364.0
2023-06-07T11:00,35.9,60,440.0
2023-06-07T12:00,34.4,63,390.0
2023-06-07T13:00,32.6,71,293.0
2023-06-07T14:00,33.0,72,299.0
2023-06-07T15:00,33.5,71,329.0
2023-06-07T16:00,33.5,70,241.0
2023-06-07T17:00,32.9,73,131.0
2023-06-07T18:00,33.8,68,70.0
2023-06-07T19:00,32.0,79,13.0
2023-06-07T20:00,31.1,83,0.0
2023-06-07T21:00,30.4,85,0.0
2023-06-07T22:00,30.0,87,0.0
2023-06-07T23:00,29.7,88,0.0
2023-06-08T00:00,29.5,88,0.0
2023-06-08T01:00,29.2,90,0.0
2023-06-08T02:00,28.9,92,0.0
2023-06-08T03:00,28.7,94,0.0
2023-06-08T04:00,28.5,95,0.0
2023-06-08T05:00,28.4,96,0.0
2023-06-08T06:00,29.1,94,17.0
2023-06-08T07:00,30.2,90,74.0
2023-06-08T08:00,31.3,87,146.0
2023-06-08T09:00,32.0,84,176.0
2023-06-08T10:00,32.4,80,262.0
2023-06-08T11:00,31.3,85,208.0
2023-06-08T12:00,30.8,86,187.0
2023-06-08T13:00,30.1,89,189.0
2023-06-08T14:00,30.3,87,242.0
2023-06-08T15:00,30.2,88,216.0
2023-06-08T16:00,30.1,88,162.0
2023-06-08T17:00,29.9,90,131.0
2023-06-08T18:00,30.6,91,72.0
2023-06-08T19:00,29.8,95,12.0
2023-06-08T20:00,29.3,96,0.0
2023-06-08T21:00,29.0,97,0.0
2023-06-08T22:00,28.9,97,0.0
2023-06-08T23:00,28.7,97,0.0
2023-06-09T00:00,28.0,97,0.0
2023-06-09T01:00,27.9,97,0.0
2023-06-09T02:00,27.8,98,0.0
2023-06-09T03:00,27.7,98,0.0
2023-06-09T04:00,27.7,98,0.0
2023-06-09T05:00,27.7,97,0.0
2023-06-09T06:00,28.1,98,7.0
2023-06-09T07:00,28.5,96,45.0
2023-06-09T08:00,28.8,95,103.0
2023-06-09T09:00,28.8,93,164.0
2023-06-09T10:00,28.7,93,160.0
2023-06-09T11:00,28.7,93,148.0
2023-06-09T12:00,30.3,85,230.0
2023-06-09T13:00,30.5,83,241.0
2023-06-09T14:00,30.3,83,232.0
2023-06-09T15:00,30.0,85,163.0
2023-06-09T16:00,30.0,86,191.0
2023-06-09T17:00,30.0,85,146.0
2023-06-09T18:00,29.5,87,70.0
2023-06-09T19:00,28.7,92,12.0
2023-06-09T20:00,28.3,94,0.0
2023-06-09T21:00,28.1,95,0.0
2023-06-09T22:00,28.0,95,0.0
2023-06-09T23:00,27.8,96,0.0
2023-06-10T00:00,26.7,93,0.0
2023-06-10T01:00,26.4,92,0.0
2023-06-10T02:00,26.0,93,0.0
2023-06-10T03:00,25.9,93,0.0
2023-06-10T04:00,25.7,93,0.0
2023-06-10T05:00,25.6,94,0.0
2023-06-10T06:00,25.6,95,12.0
2023-06-10T07:00,26.3,93,54.0
2023-06-10T08:00,26.8,90,78.0
2023-06-10T09:00,27.4,87,127.0
2023-06-10T10:00,28.2,84,201.0
2023-06-10T11:00,28.5,83,183.0
2023-06-10T12:00,29.6,76,180.0
2023-06-10T13:00,30.5,71,385.0
2023-06-10T14:00,30.9,69,304.0
2023-06-10T15:00,31.3,68,284.0
2023-06-10T16:00,31.4,68,221.0
2023-06-10T17:00,31.3,68,158.0
2023-06-10T18:00,29.6,77,83.0
2023-06-10T19:00,28.0,87,14.0
2023-06-10T20:00,27.1,92,0.0
2023-06-10T21:00,26.6,94,0.0
2023-06-10T22:00,26.3,95,0.0
2023-06-10T23:00,26.1,95,0.0
2023-06-11T00:00,26.2,96,0.0
2023-06-11T01:00,26.1,96,0.0
2023-06-11T02:00,26.0,97,0.0
2023-06-11T03:00,25.9,97,0.0
2023-06-11T04:00,25.8,97,0.0
2023-06-11T05:00,25.7,97,0.0
2023-06-11T06:00,26.4,97,12.0
2023-06-11T07:00,26.9,95,65.0
2023-06-11T08:00,28.0,90,144.0
2023-06-11T09:00,29.7,85,200.0
2023-06-11T10:00,31.1,79,303.0
2023-06-11T11:00,32.0,73,305.0
2023-06-11T12:00,32.0,72,318.0
2023-06-11T13:00,33.1,68,328.0
2023-06-11T14:00,34.0,64,267.0
2023-06-11T15:00,33.3,65,221.0
2023-06-11T16:00,31.7,73,190.0
2023-06-11T17:00,31.1,77,159.0
2023-06-11T18:00,30.7,80,97.0
2023-06-11T19:00,29.7,85,19.0
2023-06-11T20:00,28.8,91,0.0
2023-06-11T21:00,28.3,92,0.0
2023-06-11T22:00,28.0,93,0.0
2023-06-11T23:00,27.6,94,0.0
2023-06-12T00:00,27.4,95,0.0
2023-06-12T01:00,27.2,95,0.0
2023-06-12T02:00,27.0,96,0.0
2023-06-12T03:00,26.8,97,0.0
2023-06-12T04:00,26.7,97,0.0
2023-06-12T05:00,26.6,98,0.0
2023-06-12T06:00,26.8,96,18.0
2023-06-12T07:00,28.1,92,90.0
2023-06-12T08:00,29.7,85,136.0
2023-06-12T09:00,31.4,77,197.0
2023-06-12T10:00,32.7,72,231.0
2023-06-12T11:00,33.5,71,279.0
2023-06-12T12:00,33.2,71,276.0
2023-06-12T13:00,33.4,71,343.0
2023-06-12T14:00,33.2,72,345.0
2023-06-12T15:00,31.8,78,280.0
2023-06-12T16:00,31.4,81,186.0
2023-06-12T17:00,31.4,81,144.0
2023-06-12T18:00,29.9,87,87.0
2023-06-12T19:00,28.8,91,11.0
2023-06-12T20:00,28.5,92,0.0
2023-06-12T21:00,28.2,92,0.0
2023-06-12T22:00,27.9,93,0.0
2023-06-12T23:00,27.7,94,0.0
2023-06-13T00:00,27.0,94,0.0
2023-06-13T01:00,26.9,96,0.0
2023-06-13T02:00,26.7,97,0.0
2023-06-13T03:00,26.7,97,0.0
2023-06-13T04:00,26.8,98,0.0
2023-06-13T05:00,26.8,98,0.0
2023-06-13T06:00,26.7,97,18.0
2023-06-13T07:00,27.6,94,80.0
2023-06-13T08:00,28.7,90,134.0
2023-06-13T09:00,30.5,81,211.0
2023-06-13T10:00,31.1,79,239.0
2023-06-13T11:00,30.5,81,199.0
2023-06-13T12:00,33.5,70,255.0
2023-06-13T13:00,33.8,69,383.0
2023-06-13T14:00,34.8,66,415.0
2023-06-13T15:00,33.1,72,302.0
2023-06-13T16:00,30.5,77,187.0
2023-06-13T17:00,30.9,78,154.0
2023-06-13T18:00,30.3,79,99.0
2023-06-13T19:00,29.5,85,17.0
2023-06-13T20:00,29.2,90,0.0
2023-06-13T21:00,29.2,91,0.0
2023-06-13T22:00,29.2,90,0.0
2023-06-13T23:00,28.8,90,0.0
2023-06-14T00:00,28.4,91,0.0
2023-06-14T01:00,28.3,93,0.0
2023-06-14T02:00,28.2,92,0.0
2023-06-14T03:00,28.1,92,0.0
2023-06-14T04:00,28.1,91,0.0
2023-06-14T05:00,27.9,91,0.0
2023-06-14T06:00,27.9,93,17.0
2023-06-14T07:00,28.9,89,84.0
2023-06-14T08:00,29.7,86,107.0
2023-06-14T09:00,31.6,77,238.0
2023-06-14T10:00,33.3,69,269.0
2023-06-14T11:00,35.0,61,281.0
2023-06-14T12:00,35.8,56,368.0
2023-06-14T13:00,37.0,51,412.0
2023-06-14T14:00,37.5,49,354.0
2023-06-14T15:00,37.7,49,271.0
2023-06-14T16:00,37.1,51,229.0
2023-06-14T17:00,35.5,57,137.0
2023-06-14T18:00,34.6,63,72.0
2023-06-14T19:00,32.8,72,18.0
2023-06-14T20:00,31.5,78,0.0
2023-06-14T21:00,30.7,82,0.0
2023-06-14T22:00,30.2,86,0.0
2023-06-14T23:00,29.8,88,0.0
2023-06-15T00:00,29.9,91,0.0
2023-06-15T01:00,29.8,91,0.0
2023-06-15T02:00,29.7,90,0.0
2023-06-15T03:00,29.5,89,0.0
2023-06-15T04:00,29.2,90,0.0
2023-06-15T05:00,29.2,90,0.0
2023-06-15T06:00,29.5,91,20.0
2023-06-15T07:00,30.3,87,97.0
2023-06-15T08:00,31.9,81,157.0
2023-06-15T09:00,33.5,75,213.0
2023-06-15T10:00,34.4,71,278.0
2023-06-15T11:00,35.3,64,303.0
2023-06-15T12:00,35.2,65,309.0
2023-06-15T13:00,36.2,59,336.0
2023-06-15T14:00,35.4,63,347.0
2023-06-15T15:00,34.8,66,363.0
2023-06-15T16:00,33.6,70,288.0
2023-06-15T17:00,33.2,70,194.0
2023-06-15T18:00,32.7,75,108.0
2023-06-15T19:00,31.5,81,20.0
2023-06-15T20:00,30.7,86,0.0
2023-06-15T21:00,30.1,88,0.0
2023-06-15T22:00,29.7,90,0.0
2023-06-15T23:00,29.7,92,0.0
2023-06-16T00:00,29.7,91,0.0
2023-06-16T01:00,29.5,91,0.0
2023-06-16T02:00,29.4,92,0.0
2023-06-16T03:00,29.4,92,0.0
2023-06-16T04:00,29.4,91,0.0
2023-06-16T05:00,29.2,91,0.0
2023-06-16T06:00,29.2,94,13.0
2023-06-16T07:00,29.9,91,87.0
2023-06-16T08:00,30.9,85,177.0
2023-06-16T09:00,32.5,77,267.0
2023-06-16T10:00,33.7,73,378.0
2023-06-16T11:00,35.1,67,393.0
2023-06-16T12:00,35.8,64,433.0
2023-06-16T13:00,36.9,58,404.0
2023-06-16T14:00,36.9,54,416.0
2023-06-16T15:00,35.3,58,371.0
2023-06-16T16:00,34.0,69,244.0
2023-06-16T17:00,32.9,71,162.0
2023-06-16T18:00,32.6,74,96.0
2023-06-16T19:00,31.5,78,18.0
2023-06-16T20:00,30.7,81,0.0
2023-06-16T21:00,30.2,83,0.0
2023-06-16T22:00,29.7,86,0.0
2023-06-16T23:00,29.5,88,0.0
2023-06-17T00:00,29.6,86,0.0
2023-06-17T01:00,29.5,87,0.0
2023-06-17T02:00,29.0,89,0.0
2023-06-17T03:00,28.8,90,0.0
2023-06-17T04:00,28.6,90,0.0
2023-06-17T05:00,28.5,90,0.0
2023-06-17T06:00,28.8,92,19.0
2023-06-17T07:00,29.7,88,82.0
2023-06-17T08:00,30.8,83,151.0
2023-06-17T09:00,32.0,77,200.0
2023-06-17T10:00,33.8,68,236.0
2023-06-17T11:00,34.9,64,261.0
2023-06-17T12:00,35.4,59,280.0
2023-06-17T13:00,35.0,61,295.0
2023-06-17T14:00,35.5,59,298.0
2023-06-17T15:00,35.2,61,315.0
2023-06-17T16:00,35.2,60,248.0
2023-06-17T17:00,34.4,62,185.0
2023-06-17T18:00,31.8,73,108.0
2023-06-17T19:00,30.5,79,19.0
2023-06-17T20:00,29.6,84,0.0
2023-06-17T21:00,29.1,87,0.0
2023-06-17T22:00,28.7,90,0.0
2023-06-17T23:00,28.5,91,0.0
2023-06-18T00:00,28.3,93,0.0
2023-06-18T01:00,28.2,93,0.0
2023-06-18T02:00,28.2,94,0.0
2023-06-18T03:00,28.1,94,0.0
2023-06-18T04:00,28.1,94,0.0
2023-06-18T05:00,28.0,94,0.0
2023-06-18T06:00,28.3,94,18.0
2023-06-18T07:00,28.9,91,77.0
2023-06-18T08:00,29.8,86,172.0
2023-06-18T09:00,31.2,79,284.0
2023-06-18T10:00,32.3,74,352.0
2023-06-18T11:00,32.5,73,410.0
2023-06-18T12:00,31.8,77,415.0
2023-06-18T13:00,32.6,73,444.0
2023-06-18T14:00,32.8,72,437.0
2023-06-18T15:00,32.7,73,379.0
2023-06-18T16:00,32.6,73,300.0
2023-06-18T17:00,32.0,75,196.0
2023-06-18T18:00,30.3,84,101.0
2023-06-18T19:00,29.5,88,15.0
2023-06-18T20:00,28.9,92,0.0
2023-06-18T21:00,28.7,93,0.0
2023-06-18T22:00,28.5,93,0.0
2023-06-18T23:00,28.4,94,0.0
2023-06-19T00:00,27.9,95,0.0
2023-06-19T01:00,27.8,95,0.0
2023-06-19T02:00,27.8,95,0.0
2023-06-19T03:00,27.8,96,0.0
2023-06-19T04:00,27.8,95,0.0
2023-06-19T05:00,27.4,96,0.0
2023-06-19T06:00,27.7,97,8.0
2023-06-19T07:00,28.3,95,76.0
2023-06-19T08:00,29.1,90,166.0
2023-06-19T09:00,29.3,90,204.0
2023-06-19T10:00,29.6,88,228.0
2023-06-19T11:00,29.9,87,288.0
2023-06-19T12:00,30.5,80,325.0
2023-06-19T13:00,31.2,77,431.0
2023-06-19T14:00,31.6,74,399.0
2023-06-19T15:00,31.9,73,345.0
2023-06-19T16:00,31.6,74,286.0
2023-06-19T17:00,31.1,77,175.0
2023-06-19T18:00,29.4,86,93.0
2023-06-19T19:00,28.6,91,13.0
2023-06-19T20:00,28.1,93,0.0
2023-06-19T21:00,27.9,94,0.0
2023-06-19T22:00,27.8,95,0.0
2023-06-19T23:00,27.6,95,0.0
2023-06-20T00:00,27.1,95,0.0
2023-06-20T01:00,27.1,95,0.0
2023-06-20T02:00,26.9,96,0.0
2023-06-20T03:00,26.9,96,0.0
2023-06-20T04:00,26.9,96,0.0
2023-06-20T05:00,26.9,96,0.0
2023-06-20T06:00,27.3,96,12.0
2023-06-20T07:00,28.2,91,74.0
2023-06-20T08:00,29.3,86,129.0
2023-06-20T09:00,30.3,83,196.0
2023-06-20T10:00,30.9,81,332.0
2023-06-20T11:00,31.6,77,306.0
2023-06-20T12:00,34.3,63,306.0
2023-06-20T13:00,33.6,67,294.0
2023-06-20T14:00,33.1,70,263.0
2023-06-20T15:00,31.8,76,218.0
2023-06-20T16:00,30.7,80,201.0
2023-06-20T17:00,30.6,80,155.0
2023-06-20T18:00,30.0,87,78.0
2023-06-20T19:00,29.3,90,15.0
2023-06-20T20:00,28.9,91,0.0
2023-06-20T21:00,28.6,92,0.0
2023-06-20T22:00,28.4,92,0.0
2023-06-20T23:00,28.2,93,0.0
2023-06-21T00:00,28.1,94,0.0
2023-06-21T01:00,27.9,95,0.0
2023-06-21T02:00,27.6,95,0.0
2023-06-21T03:00,27.5,96,0.0
2023-06-21T04:00,27.6,96,0.0
2023-06-21T05:00,27.5,96,0.0
2023-06-21T06:00,28.0,96,15.0
2023-06-21T07:00,28.5,93,79.0
2023-06-21T08:00,29.6,88,132.0
2023-06-21T09:00,31.2,79,217.0
2023-06-21T10:00,31.7,77,327.0
2023-06-21T11:00,32.3,75,369.0
2023-06-21T12:00,34.2,63,400.0
2023-06-21T13:00,33.9,66,320.0
2023-06-21T14:00,32.0,74,236.0
2023-06-21T15:00,32.3,74,303.0
2023-06-21T16:00,31.8,74,282.0
2023-06-21T17:00,31.1,76,188.0
2023-06-21T18:00,30.1,85,83.0
2023-06-21T19:00,29.4,89,16.0
2023-06-21T20:00,29.0,90,0.0
2023-06-21T21:00,28.7,90,0.0
2023-06-21T22:00,28.3,92,0.0
2023-06-21T23:00,28.0,93,0.0
2023-06-22T00:00,28.0,94,0.0
2023-06-22T01:00,27.8,94,0.0
2023-06-22T02:00,27.8,94,0.0
2023-06-22T03:00,27.6,95,0.0
2023-06-22T04:00,27.4,94,0.0
2023-06-22T05:00,27.2,94,0.0
2023-06-22T06:00,27.5,95,16.0
2023-06-22T07:00,27.8,93,75.0
2023-06-22T08:00,28.5,91,161.0
2023-06-22T09:00,29.6,86,237.0
2023-06-22T10:00,30.9,79,277.0
2023-06-22T11:00,31.6,76,270.0
2023-06-22T12:00,32.6,70,256.0
2023-06-22T13:00,32.3,72,260.0
2023-06-22T14:00,31.3,76,256.0
2023-06-22T15:00,30.6,80,244.0
2023-06-22T16:00,30.6,80,221.0
2023-06-22T17:00,30.7,78,167.0
2023-06-22T18:00,29.2,86,76.0
2023-06-22T19:00,28.6,88,17.0
2023-06-22T20:00,28.1,91,0.0
2023-06-22T21:00,27.9,92,0.0
2023-06-22T22:00,27.8,93,0.0
2023-06-22T23:00,27.5,93,0.0
2023-06-23T00:00,27.1,94,0.0
2023-06-23T01:00,27.0,95,0.0
2023-06-23T02:00,27.0,95,0.0
2023-06-23T03:00,26.9,94,0.0
2023-06-23T04:00,26.7,95,0.0
2023-06-23T05:00,26.6,95,0.0
2023-06-23T06:00,26.9,94,18.0
2023-06-23T07:00,27.4,91,80.0
2023-06-23T08:00,28.3,87,136.0
2023-06-23T09:00,29.2,83,210.0
2023-06-23T10:00,30.0,80,240.0
2023-06-23T11:00,31.1,76,271.0
2023-06-23T12:00,32.1,72,279.0
2023-06-23T13:00,32.2,69,271.0
2023-06-23T14:00,31.8,72,236.0
2023-06-23T15:00,31.9,68,215.0
2023-06-23T16:00,31.1,75,158.0
2023-06-23T17:00,30.6,73,110.0
2023-06-23T18:00,30.1,81,68.0
2023-06-23T19:00,29.2,85,18.0
2023-06-23T20:00,28.6,88,0.0
2023-06-23T21:00,28.1,91,0.0
2023-06-23T22:00,27.8,93,0.0
2023-06-23T23:00,27.6,94,0.0
2023-06-24T00:00,27.5,94,0.0
2023-06-24T01:00,27.3,94,0.0
2023-06-24T02:00,27.1,94,0.0
2023-06-24T03:00,26.9,94,0.0
2023-06-24T04:00,26.6,95,0.0
2023-06-24T05:00,26.4,95,0.0
2023-06-24T06:00,26.8,95,9.0
2023-06-24T07:00,27.1,94,69.0
2023-06-24T08:00,28.4,89,136.0
2023-06-24T09:00,29.1,87,192.0
2023-06-24T10:00,29.8,83,266.0
2023-06-24T11:00,30.2,82,268.0
2023-06-24T12:00,32.4,71,259.0
2023-06-24T13:00,31.6,76,215.0
2023-06-24T14:00,31.8,76,212.0
2023-06-24T15:00,31.3,75,226.0
2023-06-24T16:00,30.5,78,156.0
2023-06-24T17:00,30.3,78,144.0
2023-06-24T18:00,30.8,75,82.0
2023-06-24T19:00,29.8,78,17.0
2023-06-24T20:00,28.6,85,0.0
2023-06-24T21:00,28.1,89,0.0
2023-06-24T22:00,27.9,90,0.0
2023-06-24T23:00,27.6,90,0.0
2023-06-25T00:00,27.7,90,0.0
2023-06-25T01:00,27.4,91,0.0
2023-06-25T02:00,27.2,92,0.0
2023-06-25T03:00,27.0,91,0.0
2023-06-25T04:00,26.8,92,0.0
2023-06-25T05:00,26.6,92,0.0
2023-06-25T06:00,26.9,93,17.0
2023-06-25T07:00,27.4,91,64.0
2023-06-25T08:00,28.4,86,136.0
2023-06-25T09:00,29.2,83,172.0
2023-06-25T10:00,29.5,82,221.0
2023-06-25T11:00,30.2,78,214.0
2023-06-25T12:00,31.3,76,282.0
2023-06-25T13:00,31.2,72,266.0
2023-06-25T14:00,31.7,72,297.0
2023-06-25T15:00,29.5,78,173.0
2023-06-25T16:00,29.1,81,177.0
2023-06-25T17:00,28.6,82,123.0
2023-06-25T18:00,29.5,79,61.0
2023-06-25T19:00,28.8,82,16.0
2023-06-25T20:00,28.3,85,0.0
2023-06-25T21:00,27.9,87,0.0
2023-06-25T22:00,27.6,89,0.0
2023-06-25T23:00,27.4,90,0.0
2023-06-26T00:00,27.3,91,0.0
2023-06-26T01:00,27.1,92,0.0
2023-06-26T02:00,26.9,93,0.0
2023-06-26T03:00,26.7,93,0.0
2023-06-26T04:00,26.5,94,0.0
2023-06-26T05:00,26.4,94,0.0
2023-06-26T06:00,26.4,94,14.0
2023-06-26T07:00,26.8,92,58.0
2023-06-26T08:00,27.3,91,98.0
2023-06-26T09:00,28.5,86,180.0
2023-06-26T10:00,30.2,80,241.0
2023-06-26T11:00,30.7,77,285.0
2023-06-26T12:00,29.5,83,257.0
2023-06-26T13:00,28.8,86,157.0
2023-06-26T14:00,28.1,87,166.0
2023-06-26T15:00,28.0,86,133.0
2023-06-26T16:00,28.1,83,174.0
2023-06-26T17:00,27.8,83,153.0
2023-06-26T18:00,27.9,86,58.0
2023-06-26T19:00,27.2,88,11.0
2023-06-26T20:00,26.9,90,0.0
2023-06-26T21:00,26.7,92,0.0
2023-06-26T22:00,26.6,93,0.0
2023-06-26T23:00,26.5,94,0.0
2023-06-27T00:00,26.6,95,0.0
2023-06-27T01:00,26.4,95,0.0
2023-06-27T02:00,26.2,95,0.0
2023-06-27T03:00,26.1,96,0.0
2023-06-27T04:00,26.0,96,0.0
2023-06-27T05:00,26.0,96,0.0
2023-06-27T06:00,26.0,97,7.0
2023-06-27T07:00,26.1,96,41.0
2023-06-27T08:00,26.3,95,68.0
2023-06-27T09:00,26.6,96,75.0
2023-06-27T10:00,27.2,94,142.0
2023-06-27T11:00,27.3,94,107.0
2023-06-27T12:00,28.5,91,235.0
2023-06-27T13:00,29.0,87,249.0
2023-06-27T14:00,28.4,89,192.0
2023-06-27T15:00,28.6,89,190.0
2023-06-27T16:00,28.0,91,119.0
2023-06-27T17:00,27.4,91,39.0
2023-06-27T18:00,27.5,93,32.0
2023-06-27T19:00,27.2,93,6.0
2023-06-27T20:00,26.8,94,0.0
2023-06-27T21:00,26.6,95,0.0
2023-06-27T22:00,26.5,96,0.0
2023-06-27T23:00,26.5,96,0.0
2023-06-28T00:00,26.6,96,0.0
2023-06-28T01:00,26.4,96,0.0
2023-06-28T02:00,26.3,97,0.0
2023-06-28T03:00,26.2,96,0.0
2023-06-28T04:00,26.1,96,0.0
2023-06-28T05:00,26.0,96,0.0
2023-06-28T06:00,26.4,96,7.0
2023-06-28T07:00,26.6,96,34.0
2023-06-28T08:00,26.9,95,74.0
2023-06-28T09:00,27.7,93,171.0
2023-06-28T10:00,28.0,91,217.0
2023-06-28T11:00,29.2,87,291.0
2023-06-28T12:00,28.2,89,281.0
2023-06-28T13:00,28.9,88,235.0
2023-06-28T14:00,28.8,87,169.0
2023-06-28T15:00,28.3,90,148.0
2023-06-28T16:00,28.5,89,202.0
2023-06-28T17:00,28.3,89,115.0
2023-06-28T18:00,27.1,94,87.0
2023-06-28T19:00,26.8,95,12.0
2023-06-28T20:00,26.6,96,0.0
2023-06-28T21:00,26.5,96,0.0
2023-06-28T22:00,26.5,97,0.0
2023-06-28T23:00,26.5,97,0.0
2023-06-29T00:00,26.4,97,0.0
2023-06-29T01:00,26.3,97,0.0
2023-06-29T02:00,26.3,97,0.0
2023-06-29T03:00,26.1,97,0.0
2023-06-29T04:00,26.0,97,0.0
2023-06-29T05:00,26.0,97,0.0
2023-06-29T06:00,26.4,97,8.0
2023-06-29T07:00,26.6,96,54.0
2023-06-29T08:00,27.3,94,119.0
2023-06-29T09:00,27.5,93,149.0
2023-06-29T10:00,28.2,92,254.0
2023-06-29T11:00,28.8,90,304.0
2023-06-29T12:00,28.4,90,302.0
2023-06-29T13:00,28.5,90,279.0
2023-06-29T14:00,28.4,91,244.0
2023-06-29T15:00,27.9,91,212.0
2023-06-29T16:00,27.8,91,160.0
2023-06-29T17:00,27.9,91,157.0
2023-06-29T18:00,27.7,93,105.0
2023-06-29T19:00,27.2,96,21.0
2023-06-29T20:00,26.9,97,0.0
2023-06-29T21:00,26.7,97,0.0
2023-06-29T22:00,26.6,97,0.0
2023-06-29T23:00,26.5,98,0.0
2023-06-30T00:00,26.3,98,0.0
2023-06-30T01:00,26.3,98,0.0
2023-06-30T02:00,26.2,98,0.0
2023-06-30T03:00,26.1,98,0.0
2023-06-30T04:00,26.1,98,0.0
2023-06-30T05:00,26.1,98,0.0
2023-06-30T06:00,26.8,98,11.0
2023-06-30T07:00,27.2,97,56.0
2023-06-30T08:00,27.6,96,109.0
2023-06-30T09:00,28.3,94,200.0
2023-06-30T10:00,29.2,91,293.0
2023-06-30T11:00,29.9,88,356.0
2023-06-30T12:00,32.6,75,285.0
2023-06-30T13:00,32.9,71,370.0
2023-06-30T14:00,32.3,74,266.0
2023-06-30T15:00,30.7,80,204.0
2023-06-30T16:00,31.1,79,259.0
2023-06-30T17:00,30.3,82,149.0
2023-06-30T18:00,28.7,92,84.0
2023-06-30T19:00,28.5,94,9.0
2023-06-30T20:00,28.1,96,0.0
2023-06-30T21:00,27.9,96,0.0
2023-06-30T22:00,27.8,96,0.0
2023-06-30T23:00,27.6,96,0.0
2023-07-01T00:00,26.7,97,0.0
2023-07-01T01:00,26.7,97,0.0
2023-07-01T02:00,26.4,97,0.0
2023-07-01T03:00,26.3,97,0.0
2023-07-01T04:00,26.2,98,0.0
2023-07-01T05:00,26.2,98,0.0
2023-07-01T06:00,26.6,98,7.0
2023-07-01T07:00,27.0,97,54.0
2023-07-01T08:00,27.7,95,113.0
2023-07-01T09:00,28.2,93,147.0
2023-07-01T10:00,29.2,90,285.0
2023-07-01T11:00,30.4,85,330.0
2023-07-01T12:00,32.4,75,302.0
2023-07-01T13:00,33.0,71,346.0
2023-07-01T14:00,33.0,72,324.0
2023-07-01T15:00,32.1,76,279.0
2023-07-01T16:00,30.8,80,213.0
2023-07-01T17:00,30.5,83,129.0
2023-07-01T18:00,29.0,91,58.0
2023-07-01T19:00,28.5,94,6.0
2023-07-01T20:00,28.1,95,0.0
2023-07-01T21:00,27.9,96,0.0
2023-07-01T22:00,27.8,96,0.0
2023-07-01T23:00,27.8,96,0.0
2023-07-02T00:00,27.7,96,0.0
2023-07-02T01:00,27.4,97,0.0
2023-07-02T02:00,27.2,97,0.0
2023-07-02T03:00,27.0,98,0.0
2023-07-02T04:00,26.9,98,0.0
2023-07-02T05:00,26.8,98,0.0
2023-07-02T06:00,27.5,97,14.0
2023-07-02T07:00,28.3,94,79.0
2023-07-02T08:00,28.9,92,138.0
2023-07-02T09:00,29.7,89,265.0
2023-07-02T10:00,30.7,85,335.0
2023-07-02T11:00,31.6,81,342.0
2023-07-02T12:00,33.6,70,335.0
2023-07-02T13:00,34.0,68,297.0
2023-07-02T14:00,33.3,71,229.0
2023-07-02T15:00,32.2,77,207.0
2023-07-02T16:00,30.6,81,167.0
2023-07-02T17:00,29.5,85,92.0
2023-07-02T18:00,29.2,87,55.0
2023-07-02T19:00,28.7,90,13.0
2023-07-02T20:00,28.4,92,0.0
2023-07-02T21:00,28.3,93,0.0
2023-07-02T22:00,28.3,93,0.0
2023-07-02T23:00,28.1,94,0.0
2023-07-03T00:00,28.1,95,0.0
2023-07-03T01:00,27.8,96,0.0
2023-07-03T02:00,27.7,96,0.0
2023-07-03T03:00,27.6,97,0.0
2023-07-03T04:00,27.6,97,0.0
2023-07-03T05:00,27.6,97,0.0
2023-07-03T06:00,28.1,97,12.0
2023-07-03T07:00,28.5,95,72.0
2023-07-03T08:00,29.5,91,138.0
2023-07-03T09:00,30.2,85,203.0
2023-07-03T10:00,31.3,81,312.0
2023-07-03T11:00,32.3,75,334.0
2023-07-03T12:00,33.7,67,361.0
2023-07-03T13:00,33.7,66,326.0
2023-07-03T14:00,34.2,65,281.0
2023-07-03T15:00,33.9,66,216.0
2023-07-03T16:00,32.2,73,186.0
2023-07-03T17:00,31.7,73,159.0
2023-07-03T18:00,31.5,83,97.0
2023-07-03T19:00,30.1,88,15.0
2023-07-03T20:00,29.5,91,0.0
2023-07-03T21:00,29.2,92,0.0
2023-07-03T22:00,29.0,93,0.0
2023-07-03T23:00,28.7,92,0.0
2023-07-04T00:00,28.5,93,0.0
2023-07-04T01:00,28.1,94,0.0
2023-07-04T02:00,27.8,96,0.0
2023-07-04T03:00,27.7,96,0.0
2023-07-04T04:00,27.5,97,0.0
2023-07-04T05:00,27.4,97,0.0
2023-07-04T06:00,27.7,97,15.0
2023-07-04T07:00,28.4,94,80.0
2023-07-04T08:00,29.2,91,130.0
2023-07-04T09:00,29.9,86,208.0
2023-07-04T10:00,30.7,81,244.0
2023-07-04T11:00,32.1,76,295.0
2023-07-04T12:00,34.2,62,309.0
2023-07-04T13:00,34.9,58,289.0
2023-07-04T14:00,35.0,57,273.0
2023-07-04T15:00,34.9,58,243.0
2023-07-04T16:00,33.7,62,174.0
2023-07-04T17:00,32.7,69,133.0
2023-07-04T18:00,32.6,73,89.0
2023-07-04T19:00,30.8,83,20.0
2023-07-04T20:00,30.0,86,0.0
2023-07-04T21:00,29.6,88,0.0
2023-07-04T22:00,29.2,88,0.0
2023-07-04T23:00,28.7,89,0.0
2023-07-05T00:00,28.5,92,0.0
2023-07-05T01:00,28.1,93,0.0
2023-07-05T02:00,27.8,94,0.0
2023-07-05T03:00,27.7,95,0.0
2023-07-05T04:00,27.5,96,0.0
2023-07-05T05:00,27.4,96,0.0
2023-07-05T06:00,27.7,96,15.0
2023-07-05T07:00,28.2,93,84.0
2023-07-05T08:00,29.0,88,135.0
2023-07-05T09:00,30.0,81,207.0
2023-07-05T10:00,30.6,78,322.0
2023-07-05T11:00,31.2,74,383.0
2023-07-05T12:00,32.8,69,329.0
2023-07-05T13:00,33.0,68,270.0
2023-07-05T14:00,32.3,73,221.0
2023-07-05T15:00,32.6,66,259.0
2023-07-05T16:00,30.6,78,121.0
2023-07-05T17:00,31.0,73,166.0
2023-07-05T18:00,30.8,79,104.0
2023-07-05T19:00,29.5,83,21.0
2023-07-05T20:00,28.7,88,0.0
2023-07-05T21:00,28.2,90,0.0
2023-07-05T22:00,28.0,91,0.0
2023-07-05T23:00,27.9,91,0.0
2023-07-06T00:00,27.8,92,0.0
2023-07-06T01:00,27.5,93,0.0
2023-07-06T02:00,27.5,94,0.0
2023-07-06T03:00,27.3,93,0.0
2023-07-06T04:00,27.1,93,0.0
2023-07-06T05:00,26.9,94,0.0
2023-07-06T06:00,27.1,95,11.0
2023-07-06T07:00,27.4,94,70.0
2023-07-06T08:00,27.9,92,117.0
2023-07-06T09:00,28.8,89,196.0
2023-07-06T10:00,29.4,86,255.0
2023-07-06T11:00,30.4,81,319.0
2023-07-06T12:00,31.8,76,295.0
2023-07-06T13:00,31.1,77,256.0
2023-07-06T14:00,31.1,77,257.0
2023-07-06T15:00,31.6,74,265.0
2023-07-06T16:00,29.7,82,117.0
2023-07-06T17:00,29.3,85,103.0
2023-07-06T18:00,29.2,88,73.0
2023-07-06T19:00,28.4,91,13.0
2023-07-06T20:00,28.0,92,0.0
2023-07-06T21:00,27.7,93,0.0
2023-07-06T22:00,27.5,93,0.0
2023-07-06T23:00,27.4,94,0.0
2023-07-07T00:00,27.5,95,0.0
2023-07-07T01:00,27.4,95,0.0
2023-07-07T02:00,27.3,95,0.0
2023-07-07T03:00,27.1,95,0.0
2023-07-07T04:00,26.9,95,0.0
2023-07-07T05:00,26.7,95,0.0
2023-07-07T06:00,27.0,96,12.0
2023-07-07T07:00,27.2,95,55.0
2023-07-07T08:00,28.1,93,136.0
2023-07-07T09:00,28.8,91,181.0
2023-07-07T10:00,29.7,86,312.0
2023-07-07T11:00,30.2,84,303.0
2023-07-07T12:00,31.2,79,266.0
2023-07-07T13:00,30.1,85,196.0
2023-07-07T14:00,31.9,80,300.0
2023-07-07T15:00,30.5,81,204.0
2023-07-07T16:00,30.4,83,167.0
2023-07-07T17:00,29.4,83,126.0
2023-07-07T18:00,30.3,84,74.0
2023-07-07T19:00,28.9,87,15.0
2023-07-07T20:00,28.3,91,0.0
2023-07-07T21:00,28.0,92,0.0
2023-07-07T22:00,27.7,93,0.0
2023-07-07T23:00,27.5,94,0.0
2023-07-08T00:00,27.5,94,0.0
2023-07-08T01:00,27.3,95,0.0
2023-07-08T02:00,27.1,95,0.0
2023-07-08T03:00,27.0,96,0.0
2023-07-08T04:00,26.9,96,0.0
2023-07-08T05:00,26.7,96,0.0
2023-07-08T06:00,27.0,95,12.0
2023-07-08T07:00,27.4,93,70.0
2023-07-08T08:00,28.1,91,153.0
2023-07-08T09:00,28.7,88,205.0
2023-07-08T10:00,30.0,82,275.0
2023-07-08T11:00,30.5,78,314.0
2023-07-08T12:00,32.3,69,350.0
2023-07-08T13:00,32.1,71,253.0
2023-07-08T14:00,31.7,75,191.0
2023-07-08T15:00,31.7,73,178.0
2023-07-08T16:00,30.8,76,148.0
2023-07-08T17:00,30.2,77,111.0
2023-07-08T18:00,30.2,78,87.0
2023-07-08T19:00,29.5,82,19.0
2023-07-08T20:00,28.9,85,0.0
2023-07-08T21:00,28.4,88,0.0
2023-07-08T22:00,28.1,90,0.0
2023-07-08T23:00,27.7,91,0.0
2023-07-09T00:00,27.7,92,0.0
2023-07-09T01:00,27.5,93,0.0
2023-07-09T02:00,27.3,93,0.0
2023-07-09T03:00,27.1,94,0.0
2023-07-09T04:00,26.9,95,0.0
2023-07-09T05:00,26.8,95,0.0
2023-07-09T06:00,27.2,95,12.0
2023-07-09T07:00,27.7,93,84.0
2023-07-09T08:00,28.4,90,154.0
2023-07-09T09:00,29.1,87,226.0
2023-07-09T10:00,30.2,82,258.0
2023-07-09T11:00,31.3,78,274.0
2023-07-09T12:00,33.2,69,287.0
2023-07-09T13:00,33.5,66,256.0
2023-07-09T14:00,33.8,64,219.0
2023-07-09T15:00,34.2,63,205.0
2023-07-09T16:00,33.7,63,160.0
2023-07-09T17:00,31.9,72,137.0
2023-07-09T18:00,30.9,78,92.0
2023-07-09T19:00,30.0,85,17.0
2023-07-09T20:00,29.4,88,0.0
2023-07-09T21:00,29.1,89,0.0
2023-07-09T22:00,28.9,90,0.0
2023-07-09T23:00,28.5,90,0.0
2023-07-10T00:00,28.6,92,0.0
2023-07-10T01:00,28.3,94,0.0
2023-07-10T02:00,28.0,95,0.0
2023-07-10T03:00,27.8,96,0.0
2023-07-10T04:00,27.7,96,0.0
2023-07-10T05:00,27.6,95,0.0
2023-07-10T06:00,28.0,95,11.0
2023-07-10T07:00,28.3,93,81.0
2023-07-10T08:00,28.8,91,157.0
2023-07-10T09:00,29.5,87,267.0
2023-07-10T10:00,30.3,83,312.0
2023-07-10T11:00,30.9,80,326.0
2023-07-10T12:00,33.0,69,318.0
2023-07-10T13:00,33.0,67,310.0
2023-07-10T14:00,32.7,70,231.0
2023-07-10T15:00,31.3,77,178.0
2023-07-10T16:00,32.0,74,197.0
2023-07-10T17:00,31.6,72,170.0
2023-07-10T18:00,30.0,84,75.0
2023-07-10T19:00,29.3,87,23.0
2023-07-10T20:00,28.7,90,0.0
2023-07-10T21:00,28.3,91,0.0
2023-07-10T22:00,28.0,92,0.0
2023-07-10T23:00,27.8,93,0.0
2023-07-11T00:00,27.9,94,0.0
2023-07-11T01:00,27.6,94,0.0
2023-07-11T02:00,27.4,95,0.0
2023-07-11T03:00,27.2,95,0.0
2023-07-11T04:00,27.1,95,0.0
2023-07-11T05:00,27.0,95,0.0
2023-07-11T06:00,27.5,96,9.0
2023-07-11T07:00,28.0,94,88.0
2023-07-11T08:00,28.7,92,144.0
2023-07-11T09:00,29.6,89,252.0
2023-07-11T10:00,30.3,84,234.0
2023-07-11T11:00,30.8,82,289.0
2023-07-11T12:00,32.7,71,392.0
2023-07-11T13:00,32.9,70,259.0
2023-07-11T14:00,33.1,66,269.0
2023-07-11T15:00,31.7,73,277.0
2023-07-11T16:00,31.9,71,263.0
2023-07-11T17:00,31.3,71,194.0
2023-07-11T18:00,30.7,77,111.0
2023-07-11T19:00,29.6,83,19.0
2023-07-11T20:00,28.8,87,0.0
2023-07-11T21:00,28.4,89,0.0
2023-07-11T22:00,28.1,91,0.0
2023-07-11T23:00,27.8,92,0.0
2023-07-12T00:00,27.8,92,0.0
2023-07-12T01:00,27.7,93,0.0
2023-07-12T02:00,27.5,93,0.0
2023-07-12T03:00,27.4,94,0.0
2023-07-12T04:00,27.2,94,0.0
2023-07-12T05:00,27.1,94,0.0
2023-07-12T06:00,27.4,95,11.0
2023-07-12T07:00,28.0,93,83.0
2023-07-12T08:00,28.7,88,148.0
2023-07-12T09:00,29.4,83,246.0
2023-07-12T10:00,29.9,82,311.0
2023-07-12T11:00,31.1,75,406.0
2023-07-12T12:00,32.6,67,361.0
2023-07-12T13:00,33.2,63,347.0
2023-07-12T14:00,33.5,63,338.0
2023-07-12T15:00,32.3,69,287.0
2023-07-12T16:00,31.5,74,218.0
2023-07-12T17:00,30.9,75,169.0
2023-07-12T18:00,30.0,86,92.0
2023-07-12T19:00,28.8,89,18.0
2023-07-12T20:00,28.3,92,0.0
2023-07-12T21:00,28.1,93,0.0
2023-07-12T22:00,27.9,93,0.0
2023-07-12T23:00,27.7,94,0.0
2023-07-13T00:00,27.6,94,0.0
2023-07-13T01:00,27.3,95,0.0
2023-07-13T02:00,27.2,95,0.0
2023-07-13T03:00,27.2,95,0.0
2023-07-13T04:00,27.1,95,0.0
2023-07-13T05:00,27.0,96,0.0
2023-07-13T06:00,27.2,96,10.0
2023-07-13T07:00,27.7,94,79.0
2023-07-13T08:00,28.2,92,156.0
2023-07-13T09:00,28.9,88,227.0
2023-07-13T10:00,30.0,83,290.0
2023-07-13T11:00,31.0,78,318.0
2023-07-13T12:00,32.4,72,338.0
2023-07-13T13:00,32.2,72,267.0
2023-07-13T14:00,32.5,71,279.0
2023-07-13T15:00,31.0,77,240.0
2023-07-13T16:00,30.2,83,206.0
2023-07-13T17:00,29.9,85,142.0
2023-07-13T18:00,30.5,85,69.0
2023-07-13T19:00,29.3,89,15.0
2023-07-13T20:00,28.8,91,0.0
2023-07-13T21:00,28.3,92,0.0
2023-07-13T22:00,28.1,93,0.0
2023-07-13T23:00,28.0,94,0.0
2023-07-14T00:00,27.8,94,0.0
2023-07-14T01:00,27.6,95,0.0
2023-07-14T02:00,27.5,96,0.0
2023-07-14T03:00,27.4,95,0.0
2023-07-14T04:00,27.3,96,0.0
2023-07-14T05:00,27.0,95,0.0
2023-07-14T06:00,27.3,95,8.0
2023-07-14T07:00,27.5,94,61.0
2023-07-14T08:00,28.0,92,133.0
2023-07-14T09:00,28.7,89,188.0
2023-07-14T10:00,29.9,82,290.0
2023-07-14T11:00,30.2,81,325.0
2023-07-14T12:00,32.0,73,320.0
2023-07-14T13:00,32.3,71,363.0
2023-07-14T14:00,31.0,77,240.0
2023-07-14T15:00,29.6,84,220.0
2023-07-14T16:00,29.5,84,243.0
2023-07-14T17:00,29.7,85,157.0
2023-07-14T18:00,30.3,81,75.0
2023-07-14T19:00,28.9,87,15.0
2023-07-14T20:00,28.4,91,0.0
2023-07-14T21:00,28.1,93,0.0
2023-07-14T22:00,27.9,94,0.0
2023-07-14T23:00,27.7,94,0.0
2023-07-15T00:00,27.5,94,0.0
2023-07-15T01:00,27.2,95,0.0
2023-07-15T02:00,26.9,95,0.0
2023-07-15T03:00,26.8,96,0.0
2023-07-15T04:00,26.6,96,0.0
2023-07-15T05:00,26.7,96,0.0
2023-07-15T06:00,27.0,97,9.0
2023-07-15T07:00,27.7,93,74.0
2023-07-15T08:00,28.4,88,140.0
2023-07-15T09:00,29.2,83,203.0
2023-07-15T10:00,30.4,79,273.0
2023-07-15T11:00,30.9,75,276.0
2023-07-15T12:00,31.5,74,268.0
2023-07-15T13:00,31.4,76,236.0
2023-07-15T14:00,31.8,70,275.0
2023-07-15T15:00,30.7,74,217.0
2023-07-15T16:00,30.7,73,206.0
2023-07-15T17:00,30.3,74,134.0
2023-07-15T18:00,30.0,77,79.0
2023-07-15T19:00,29.1,81,16.0
2023-07-15T20:00,28.4,86,0.0
2023-07-15T21:00,27.9,89,0.0
2023-07-15T22:00,27.7,90,0.0
2023-07-15T23:00,27.5,91,0.0
2023-07-16T00:00,27.5,92,0.0
2023-07-16T01:00,27.2,93,0.0
2023-07-16T02:00,26.9,93,0.0
2023-07-16T03:00,26.8,93,0.0
2023-07-16T04:00,26.8,93,0.0
2023-07-16T05:00,26.7,92,0.0
2023-07-16T06:00,26.7,94,11.0
2023-07-16T07:00,27.4,91,86.0
2023-07-16T08:00,27.9,89,138.0
2023-07-16T09:00,28.7,84,218.0
2023-07-16T10:00,29.3,82,252.0
2023-07-16T11:00,29.7,83,214.0
2023-07-16T12:00,30.3,82,101.0
2023-07-16T13:00,29.3,85,216.0
2023-07-16T14:00,30.6,83,353.0
2023-07-16T15:00,31.0,77,283.0
2023-07-16T16:00,30.3,78,196.0
2023-07-16T17:00,29.5,81,125.0
2023-07-16T18:00,29.6,83,83.0
2023-07-16T19:00,28.8,87,18.0
2023-07-16T20:00,28.3,90,0.0
2023-07-16T21:00,27.9,91,0.0
2023-07-16T22:00,27.7,92,0.0
2023-07-16T23:00,27.5,93,0.0
2023-07-17T00:00,27.3,94,0.0
2023-07-17T01:00,27.2,94,0.0
2023-07-17T02:00,27.1,94,0.0
2023-07-17T03:00,26.8,95,0.0
2023-07-17T04:00,26.7,95,0.0
2023-07-17T05:00,26.6,95,0.0
2023-07-17T06:00,26.7,95,10.0
2023-07-17T07:00,27.5,92,73.0
2023-07-17T08:00,28.5,87,141.0
2023-07-17T09:00,29.1,84,192.0
2023-07-17T10:00,30.0,79,230.0
2023-07-17T11:00,31.1,74,340.0
2023-07-17T12:00,32.7,68,354.0
2023-07-17T13:00,33.4,64,328.0
2023-07-17T14:00,32.8,67,252.0
2023-07-17T15:00,32.8,67,264.0
2023-07-17T16:00,32.0,69,232.0
2023-07-17T17:00,31.3,72,165.0
2023-07-17T18:00,31.1,77,103.0
2023-07-17T19:00,30.2,82,19.0
2023-07-17T20:00,29.5,85,0.0
2023-07-17T21:00,28.9,87,0.0
2023-07-17T22:00,28.4,89,0.0
2023-07-17T23:00,28.0,90,0.0
2023-07-18T00:00,27.8,92,0.0
2023-07-18T01:00,27.5,93,0.0
2023-07-18T02:00,27.3,94,0.0
2023-07-18T03:00,27.1,95,0.0
2023-07-18T04:00,27.1,95,0.0
2023-07-18T05:00,27.0,96,0.0
2023-07-18T06:00,27.4,96,11.0
2023-07-18T07:00,28.1,92,72.0
2023-07-18T08:00,29.0,87,124.0
2023-07-18T09:00,29.9,81,191.0
2023-07-18T10:00,31.0,75,224.0
2023-07-18T11:00,31.6,73,251.0
2023-07-18T12:00,32.7,67,292.0
2023-07-18T13:00,33.3,65,320.0
2023-07-18T14:00,33.7,63,332.0
2023-07-18T15:00,34.2,60,264.0
2023-07-18T16:00,33.8,60,184.0
2023-07-18T17:00,32.8,64,144.0
2023-07-18T18:00,32.2,69,85.0
2023-07-18T19:00,30.6,78,18.0
2023-07-18T20:00,29.7,83,0.0
2023-07-18T21:00,29.3,86,0.0
2023-07-18T22:00,28.8,88,0.0
2023-07-18T23:00,28.2,90,0.0
2023-07-19T00:00,27.9,91,0.0
2023-07-19T01:00,27.6,93,0.0
2023-07-19T02:00,27.4,94,0.0
2023-07-19T03:00,27.3,95,0.0
2023-07-19T04:00,27.2,95,0.0
2023-07-19T05:00,27.3,95,0.0
2023-07-19T06:00,27.4,94,10.0
2023-07-19T07:00,28.1,91,69.0
2023-07-19T08:00,29.1,86,155.0
2023-07-19T09:00,30.0,79,206.0
2023-07-19T10:00,31.0,74,228.0
2023-07-19T11:00,32.3,68,263.0
2023-07-19T12:00,33.4,64,241.0
2023-07-19T13:00,34.3,61,289.0
2023-07-19T14:00,33.9,62,251.0
2023-07-19T15:00,33.6,63,240.0
2023-07-19T16:00,33.1,65,193.0
2023-07-19T17:00,32.7,66,149.0
2023-07-19T18:00,31.8,73,80.0
2023-07-19T19:00,30.4,82,17.0
2023-07-19T20:00,29.7,85,0.0
2023-07-19T21:00,29.1,86,0.0
2023-07-19T22:00,28.6,88,0.0
2023-07-19T23:00,28.1,91,0.0
2023-07-20T00:00,28.2,92,0.0
2023-07-20T01:00,27.9,94,0.0
2023-07-20T02:00,27.9,93,0.0
2023-07-20T03:00,27.8,93,0.0
2023-07-20T04:00,27.7,93,0.0
2023-07-20T05:00,27.6,94,0.0
2023-07-20T06:00,27.8,93,8.0
2023-07-20T07:00,28.3,90,68.0
2023-07-20T08:00,28.9,87,122.0
2023-07-20T09:00,29.8,82,196.0
2023-07-20T10:00,31.0,75,247.0
2023-07-20T11:00,32.0,70,257.0
2023-07-20T12:00,33.0,65,304.0
2023-07-20T13:00,33.6,62,291.0
2023-07-20T14:00,33.9,60,255.0
2023-07-20T15:00,33.7,61,246.0
2023-07-20T16:00,33.4,62,209.0
2023-07-20T17:00,32.9,64,147.0
2023-07-20T18:00,32.4,69,81.0
2023-07-20T19:00,30.7,78,18.0
2023-07-20T20:00,29.9,82,0.0
2023-07-20T21:00,29.3,84,0.0
2023-07-20T22:00,28.8,87,0.0
2023-07-20T23:00,28.3,90,0.0
2023-07-21T00:00,28.3,90,0.0
2023-07-21T01:00,28.1,91,0.0
2023-07-21T02:00,27.9,92,0.0
2023-07-21T03:00,27.8,91,0.0
2023-07-21T04:00,27.7,91,0.0
2023-07-21T05:00,27.7,92,0.0
2023-07-21T06:00,27.9,92,8.0
2023-07-21T07:00,28.4,89,92.0
2023-07-21T08:00,29.0,86,142.0
2023-07-21T09:00,30.0,81,197.0
2023-07-21T10:00,30.9,76,237.0
2023-07-21T11:00,32.2,70,272.0
2023-07-21T12:00,33.2,67,303.0
2023-07-21T13:00,33.2,67,302.0
2023-07-21T14:00,33.2,66,269.0
2023-07-21T15:00,32.8,68,221.0
2023-07-21T16:00,32.0,72,173.0
2023-07-21T17:00,31.5,71,144.0
2023-07-21T18:00,31.1,77,84.0
2023-07-21T19:00,29.5,84,17.0
2023-07-21T20:00,28.8,87,0.0
2023-07-21T21:00,28.4,89,0.0
2023-07-21T22:00,28.0,90,0.0
2023-07-21T23:00,27.7,92,0.0
2023-07-22T00:00,27.8,92,0.0
2023-07-22T01:00,27.8,93,0.0
2023-07-22T02:00,27.7,93,0.0
2023-07-22T03:00,27.7,92,0.0
2023-07-22T04:00,27.6,92,0.0
2023-07-22T05:00,27.5,92,0.0
2023-07-22T06:00,27.5,93,9.0
2023-07-22T07:00,28.0,90,78.0
2023-07-22T08:00,29.1,85,155.0
2023-07-22T09:00,30.2,79,182.0
2023-07-22T10:00,31.4,73,215.0
2023-07-22T11:00,32.4,69,276.0
2023-07-22T12:00,33.2,68,327.0
2023-07-22T13:00,33.5,66,317.0
2023-07-22T14:00,33.3,66,305.0
2023-07-22T15:00,32.3,72,240.0
2023-07-22T16:00,32.2,70,210.0
2023-07-22T17:00,31.9,69,150.0
2023-07-22T18:00,31.6,71,91.0
2023-07-22T19:00,30.2,79,19.0
2023-07-22T20:00,29.3,84,0.0
2023-07-22T21:00,28.8,86,0.0
2023-07-22T22:00,28.4,88,0.0
2023-07-22T23:00,28.0,90,0.0
2023-07-23T00:00,27.9,91,0.0
2023-07-23T01:00,27.6,92,0.0
2023-07-23T02:00,27.4,93,0.0
2023-07-23T03:00,27.2,94,0.0
2023-07-23T04:00,27.1,95,0.0
2023-07-23T05:00,27.1,95,0.0
2023-07-23T06:00,27.3,94,9.0
2023-07-23T07:00,28.1,91,92.0
2023-07-23T08:00,29.1,86,167.0
2023-07-23T09:00,30.2,79,253.0
2023-07-23T10:00,31.1,74,289.0
2023-07-23T11:00,32.1,69,341.0
2023-07-23T12:00,33.0,67,328.0
2023-07-23T13:00,33.9,63,316.0
2023-07-23T14:00,33.9,63,330.0
2023-07-23T15:00,33.4,64,241.0
2023-07-23T16:00,32.7,67,194.0
2023-07-23T17:00,32.3,69,123.0
2023-07-23T18:00,31.8,75,76.0
2023-07-23T19:00,30.7,79,16.0
2023-07-23T20:00,29.8,83,0.0
2023-07-23T21:00,29.2,85,0.0
2023-07-23T22:00,28.8,87,0.0
2023-07-23T23:00,28.3,89,0.0
2023-07-24T00:00,28.3,91,0.0
2023-07-24T01:00,27.9,93,0.0
2023-07-24T02:00,27.6,94,0.0
2023-07-24T03:00,27.3,95,0.0
2023-07-24T04:00,27.1,95,0.0
2023-07-24T05:00,26.9,96,0.0
2023-07-24T06:00,27.2,95,12.0
2023-07-24T07:00,28.1,93,92.0
2023-07-24T08:00,29.2,88,189.0
2023-07-24T09:00,30.3,81,292.0
2023-07-24T10:00,31.7,73,306.0
2023-07-24T11:00,33.1,63,274.0
2023-07-24T12:00,34.2,59,250.0
2023-07-24T13:00,35.1,53,300.0
2023-07-24T14:00,35.2,52,266.0
2023-07-24T15:00,34.9,53,220.0
2023-07-24T16:00,34.4,55,211.0
2023-07-24T17:00,33.7,59,148.0
2023-07-24T18:00,31.6,76,79.0
2023-07-24T19:00,30.4,82,19.0
2023-07-24T20:00,29.6,86,0.0
2023-07-24T21:00,29.2,87,0.0
2023-07-24T22:00,28.9,88,0.0
2023-07-24T23:00,28.4,89,0.0
2023-07-25T00:00,28.2,92,0.0
2023-07-25T01:00,27.7,93,0.0
2023-07-25T02:00,27.4,94,0.0
2023-07-25T03:00,27.1,95,0.0
2023-07-25T04:00,26.9,95,0.0
2023-07-25T05:00,26.8,96,0.0
2023-07-25T06:00,27.2,96,11.0
2023-07-25T07:00,28.3,93,86.0
2023-07-25T08:00,29.4,87,151.0
2023-07-25T09:00,30.4,81,195.0
2023-07-25T10:00,31.2,76,237.0
2023-07-25T11:00,32.3,70,285.0
2023-07-25T12:00,33.6,65,276.0
2023-07-25T13:00,34.5,60,321.0
2023-07-25T14:00,34.4,59,267.0
2023-07-25T15:00,33.9,60,207.0
2023-07-25T16:00,32.0,69,159.0
2023-07-25T17:00,31.3,73,115.0
2023-07-25T18:00,30.2,81,71.0
2023-07-25T19:00,29.0,88,17.0
2023-07-25T20:00,28.3,91,0.0
2023-07-25T21:00,28.0,92,0.0
2023-07-25T22:00,27.6,93,0.0
2023-07-25T23:00,27.3,94,0.0
2023-07-26T00:00,27.4,94,0.0
2023-07-26T01:00,27.3,94,0.0
2023-07-26T02:00,27.2,94,0.0
2023-07-26T03:00,27.2,95,0.0
2023-07-26T04:00,27.2,94,0.0
2023-07-26T05:00,27.1,94,0.0
2023-07-26T06:00,27.4,94,8.0
2023-07-26T07:00,28.1,91,66.0
2023-07-26T08:00,28.9,87,119.0
2023-07-26T09:00,29.7,83,176.0
2023-07-26T10:00,30.6,80,247.0
2023-07-26T11:00,31.3,74,358.0
2023-07-26T12:00,32.3,71,297.0
2023-07-26T13:00,31.8,74,252.0
2023-07-26T14:00,31.4,76,242.0
2023-07-26T15:00,30.7,79,204.0
2023-07-26T16:00,31.0,79,156.0
2023-07-26T17:00,29.9,81,113.0
2023-07-26T18:00,30.3,85,67.0
2023-07-26T19:00,28.8,90,14.0
2023-07-26T20:00,28.2,93,0.0
2023-07-26T21:00,27.8,94,0.0
2023-07-26T22:00,27.6,95,0.0
2023-07-26T23:00,27.4,95,0.0
2023-07-27T00:00,27.5,95,0.0
2023-07-27T01:00,27.4,95,0.0
2023-07-27T02:00,27.2,96,0.0
2023-07-27T03:00,27.1,95,0.0
2023-07-27T04:00,26.9,95,0.0
2023-07-27T05:00,26.8,95,0.0
2023-07-27T06:00,27.0,96,8.0
2023-07-27T07:00,27.4,94,67.0
2023-07-27T08:00,27.9,91,122.0
2023-07-27T09:00,28.7,89,208.0
2023-07-27T10:00,29.3,85,269.0
2023-07-27T11:00,30.0,82,291.0
2023-07-27T12:00,32.5,72,330.0
2023-07-27T13:00,32.4,72,270.0
2023-07-27T14:00,32.3,72,284.0
2023-07-27T15:00,31.1,77,225.0
2023-07-27T16:00,30.6,80,194.0
2023-07-27T17:00,30.2,80,169.0
2023-07-27T18:00,30.8,82,80.0
2023-07-27T19:00,29.2,87,12.0
2023-07-27T20:00,28.6,90,0.0
2023-07-27T21:00,28.2,92,0.0
2023-07-27T22:00,27.9,93,0.0
2023-07-27T23:00,27.7,94,0.0
2023-07-28T00:00,27.7,94,0.0
2023-07-28T01:00,27.4,95,0.0
2023-07-28T02:00,27.3,95,0.0
2023-07-28T03:00,27.2,95,0.0
2023-07-28T04:00,27.0,95,0.0
2023-07-28T05:00,26.8,95,0.0
2023-07-28T06:00,26.9,95,7.0
2023-07-28T07:00,27.3,94,58.0
2023-07-28T08:00,28.1,91,126.0
2023-07-28T09:00,28.8,88,192.0
2023-07-28T10:00,29.4,85,256.0
2023-07-28T11:00,30.6,79,347.0
2023-07-28T12:00,32.7,69,288.0
2023-07-28T13:00,33.5,65,263.0
2023-07-28T14:00,33.0,66,241.0
2023-07-28T15:00,32.1,71,224.0
2023-07-28T16:00,31.9,70,190.0
2023-07-28T17:00,31.6,71,142.0
2023-07-28T18:00,30.9,77,76.0
2023-07-28T19:00,29.6,84,17.0
2023-07-28T20:00,29.0,87,0.0
2023-07-28T21:00,28.6,89,0.0
2023-07-28T22:00,28.2,91,0.0
2023-07-28T23:00,28.0,92,0.0
2023-07-29T00:00,28.0,92,0.0
2023-07-29T01:00,27.7,93,0.0
2023-07-29T02:00,27.4,93,0.0
2023-07-29T03:00,27.1,94,0.0
2023-07-29T04:00,26.9,95,0.0
2023-07-29T05:00,26.8,95,0.0
2023-07-29T06:00,27.3,94,6.0
2023-07-29T07:00,28.0,91,72.0
2023-07-29T08:00,28.9,88,139.0
2023-07-29T09:00,29.7,84,199.0
2023-07-29T10:00,30.7,80,271.0
2023-07-29T11:00,31.8,74,270.0
2023-07-29T12:00,32.2,72,300.0
2023-07-29T13:00,32.2,72,260.0
2023-07-29T14:00,32.0,74,188.0
2023-07-29T15:00,31.4,76,188.0
2023-07-29T16:00,31.3,78,187.0
2023-07-29T17:00,30.5,79,119.0
2023-07-29T18:00,30.8,82,75.0
2023-07-29T19:00,29.5,87,13.0
2023-07-29T20:00,29.0,90,0.0
2023-07-29T21:00,28.7,91,0.0
2023-07-29T22:00,28.4,92,0.0
2023-07-29T23:00,28.2,93,0.0
2023-07-30T00:00,28.3,93,0.0
2023-07-30T01:00,28.0,94,0.0
2023-07-30T02:00,27.8,95,0.0
2023-07-30T03:00,27.6,96,0.0
2023-07-30T04:00,27.4,96,0.0
2023-07-30T05:00,27.4,96,0.0
2023-07-30T06:00,27.7,95,6.0
2023-07-30T07:00,28.3,92,65.0
2023-07-30T08:00,29.3,86,127.0
2023-07-30T09:00,30.5,79,201.0
2023-07-30T10:00,31.5,73,285.0
2023-07-30T11:00,32.1,71,304.0
2023-07-30T12:00,34.3,62,336.0
2023-07-30T13:00,35.1,59,343.0
2023-07-30T14:00,35.2,58,377.0
2023-07-30T15:00,35.2,58,275.0
2023-07-30T16:00,33.6,64,166.0
2023-07-30T17:00,31.9,74,120.0
2023-07-30T18:00,32.2,77,72.0
2023-07-30T19:00,31.3,82,12.0
2023-07-30T20:00,30.6,82,0.0
2023-07-30T21:00,29.8,85,0.0
2023-07-30T22:00,29.3,88,0.0
2023-07-30T23:00,28.9,89,0.0
2023-07-31T00:00,28.7,92,0.0
2023-07-31T01:00,28.5,93,0.0
2023-07-31T02:00,28.2,94,0.0
2023-07-31T03:00,28.1,95,0.0
2023-07-31T04:00,27.9,96,0.0
2023-07-31T05:00,27.6,96,0.0
2023-07-31T06:00,28.0,97,3.0
2023-07-31T07:00,28.0,96,39.0
2023-07-31T08:00,28.2,95,101.0
2023-07-31T09:00,28.8,92,202.0
2023-07-31T10:00,29.3,90,260.0
2023-07-31T11:00,30.0,87,328.0
2023-07-31T12:00,34.1,70,344.0
2023-07-31T13:00,34.8,65,351.0
2023-07-31T14:00,35.1,63,315.0
2023-07-31T15:00,35.0,64,251.0
2023-07-31T16:00,34.0,70,220.0
2023-07-31T17:00,31.9,76,125.0
2023-07-31T18:00,31.1,83,54.0
2023-07-31T19:00,29.6,88,9.0
2023-07-31T20:00,29.1,90,0.0
2023-07-31T21:00,28.6,91,0.0
2023-07-31T22:00,28.1,93,0.0
2023-07-31T23:00,27.5,90,0.0
2023-08-01T00:00,27.5,94,0.0
2023-08-01T01:00,27.2,94,0.0
2023-08-01T02:00,27.0,95,0.0
2023-08-01T03:00,26.6,98,0.0
2023-08-01T04:00,26.5,97,0.0
2023-08-01T05:00,26.6,96,0.0
2023-08-01T06:00,27.6,96,6.0
2023-08-01T07:00,28.1,94,65.0
2023-08-01T08:00,29.3,91,145.0
2023-08-01T09:00,30.6,81,237.0
2023-08-01T10:00,31.5,75,296.0
2023-08-01T11:00,32.5,71,392.0
2023-08-01T12:00,33.3,67,352.0
2023-08-01T13:00,31.6,75,145.0
2023-08-01T14:00,29.8,87,53.0
2023-08-01T15:00,29.9,88,99.0
2023-08-01T16:00,30.0,81,219.0
2023-08-01T17:00,29.2,82,121.0
2023-08-01T18:00,28.6,87,31.0
2023-08-01T19:00,28.0,89,3.0
2023-08-01T20:00,27.8,90,0.0
2023-08-01T21:00,27.6,91,0.0
2023-08-01T22:00,27.7,91,0.0
2023-08-01T23:00,27.6,92,0.0
2023-08-02T00:00,27.8,91,0.0
2023-08-02T01:00,27.7,91,0.0
2023-08-02T02:00,27.6,90,0.0
2023-08-02T03:00,27.6,90,0.0
2023-08-02T04:00,27.5,91,0.0
2023-08-02T05:00,27.3,91,0.0
2023-08-02T06:00,27.2,95,1.0
2023-08-02T07:00,27.2,94,17.0
2023-08-02T08:00,27.5,94,66.0
2023-08-02T09:00,28.3,92,176.0
2023-08-02T10:00,28.8,89,194.0
2023-08-02T11:00,29.1,88,184.0
2023-08-02T12:00,29.7,84,222.0
2023-08-02T13:00,29.5,86,186.0
2023-08-02T14:00,28.9,87,187.0
2023-08-02T15:00,29.2,85,228.0
2023-08-02T16:00,29.2,86,230.0
2023-08-02T17:00,28.7,87,92.0
2023-08-02T18:00,28.7,86,65.0
2023-08-02T19:00,27.9,91,12.0
2023-08-02T20:00,27.7,92,0.0
2023-08-02T21:00,27.5,92,0.0
2023-08-02T22:00,27.4,93,0.0
2023-08-02T23:00,27.3,94,0.0
2023-08-03T00:00,27.4,94,0.0
2023-08-03T01:00,27.2,94,0.0
2023-08-03T02:00,27.0,95,0.0
2023-08-03T03:00,26.8,95,0.0
2023-08-03T04:00,26.7,95,0.0
2023-08-03T05:00,26.5,96,0.0
2023-08-03T06:00,26.7,97,6.0
2023-08-03T07:00,27.1,94,56.0
2023-08-03T08:00,27.6,92,119.0
2023-08-03T09:00,28.4,90,188.0
2023-08-03T10:00,29.4,85,241.0
2023-08-03T11:00,30.1,83,242.0
2023-08-03T12:00,30.5,80,242.0
2023-08-03T13:00,31.0,77,320.0
2023-08-03T14:00,30.0,81,236.0
2023-08-03T15:00,30.1,80,273.0
2023-08-03T16:00,30.1,82,184.0
2023-08-03T17:00,29.3,84,131.0
2023-08-03T18:00,29.0,89,83.0
2023-08-03T19:00,28.3,91,12.0
2023-08-03T20:00,28.0,94,0.0
2023-08-03T21:00,27.8,94,0.0
2023-08-03T22:00,27.6,95,0.0
2023-08-03T23:00,27.4,96,0.0
2023-08-04T00:00,27.5,95,0.0
2023-08-04T01:00,27.2,96,0.0
2023-08-04T02:00,27.1,96,0.0
2023-08-04T03:00,27.0,96,0.0
2023-08-04T04:00,26.9,96,0.0
2023-08-04T05:00,26.7,97,0.0
2023-08-04T06:00,27.1,97,4.0
2023-08-04T07:00,27.5,95,66.0
2023-08-04T08:00,27.9,94,120.0
2023-08-04T09:00,29.0,91,193.0
2023-08-04T10:00,29.9,87,277.0
2023-08-04T11:00,30.7,83,345.0
2023-08-04T12:00,30.8,83,337.0
2023-08-04T13:00,30.5,84,270.0
2023-08-04T14:00,30.5,85,281.0
2023-08-04T15:00,29.4,88,187.0
2023-08-04T16:00,29.3,90,178.0
2023-08-04T17:00,29.1,90,138.0
2023-08-04T18:00,28.7,90,57.0
2023-08-04T19:00,28.1,93,9.0
2023-08-04T20:00,27.8,94,0.0
2023-08-04T21:00,27.6,95,0.0
2023-08-04T22:00,27.5,96,0.0
2023-08-04T23:00,27.4,96,0.0
2023-08-05T00:00,27.5,96,0.0
2023-08-05T01:00,27.4,96,0.0
2023-08-05T02:00,27.4,95,0.0
2023-08-05T03:00,27.3,96,0.0
2023-08-05T04:00,27.1,95,0.0
2023-08-05T05:00,26.9,96,0.0
2023-08-05T06:00,27.3,96,5.0
2023-08-05T07:00,27.8,95,61.0
2023-08-05T08:00,28.6,92,144.0
2023-08-05T09:00,29.7,88,219.0
2023-08-05T10:00,30.3,85,282.0
2023-08-05T11:00,31.1,80,266.0
2023-08-05T12:00,32.0,75,261.0
2023-08-05T13:00,32.4,73,303.0
2023-08-05T14:00,31.2,79,270.0
2023-08-05T15:00,30.9,82,262.0
2023-08-05T16:00,31.0,79,256.0
2023-08-05T17:00,29.8,82,122.0
2023-08-05T18:00,29.2,88,89.0
2023-08-05T19:00,28.4,90,8.0
2023-08-05T20:00,28.0,92,0.0
2023-08-05T21:00,27.7,93,0.0
2023-08-05T22:00,27.5,93,0.0
2023-08-05T23:00,27.3,94,0.0
2023-08-06T00:00,27.4,94,0.0
2023-08-06T01:00,27.2,95,0.0
2023-08-06T02:00,27.2,95,0.0
2023-08-06T03:00,27.1,96,0.0
2023-08-06T04:00,27.0,96,0.0
2023-08-06T05:00,26.9,96,0.0
2023-08-06T06:00,27.1,96,2.0
2023-08-06T07:00,27.1,96,11.0
2023-08-06T08:00,27.5,95,40.0
2023-08-06T09:00,27.9,92,82.0
2023-08-06T10:00,27.8,92,99.0
2023-08-06T11:00,28.1,91,145.0
2023-08-06T12:00,28.9,89,225.0
2023-08-06T13:00,29.0,88,267.0
2023-08-06T14:00,29.1,87,267.0
2023-08-06T15:00,28.2,91,134.0
2023-08-06T16:00,27.6,94,72.0
2023-08-06T17:00,27.8,93,70.0
2023-08-06T18:00,27.7,94,45.0
2023-08-06T19:00,27.4,94,6.0
2023-08-06T20:00,27.3,96,0.0
2023-08-06T21:00,27.3,96,0.0
2023-08-06T22:00,27.2,96,0.0
2023-08-06T23:00,27.1,96,0.0
2023-08-07T00:00,27.3,97,0.0
2023-08-07T01:00,27.1,96,0.0
2023-08-07T02:00,27.0,97,0.0
2023-08-07T03:00,26.8,97,0.0
2023-08-07T04:00,26.7,97,0.0
2023-08-07T05:00,26.7,97,0.0
2023-08-07T06:00,27.0,96,2.0
2023-08-07T07:00,27.3,96,33.0
2023-08-07T08:00,27.4,95,67.0
2023-08-07T09:00,27.3,95,60.0
2023-08-07T10:00,27.5,94,89.0
2023-08-07T11:00,27.6,94,109.0
2023-08-07T12:00,27.5,95,148.0
2023-08-07T13:00,27.7,95,130.0
2023-08-07T14:00,27.8,94,134.0
2023-08-07T15:00,27.4,95,68.0
2023-08-07T16:00,27.4,95,84.0
2023-08-07T17:00,27.4,96,53.0
2023-08-07T18:00,27.2,97,21.0
2023-08-07T19:00,26.9,97,2.0
2023-08-07T20:00,26.7,97,0.0
2023-08-07T21:00,26.5,98,0.0
2023-08-07T22:00,26.5,97,0.0
2023-08-07T23:00,26.4,98,0.0
2023-08-08T00:00,26.4,98,0.0
2023-08-08T01:00,26.3,97,0.0
2023-08-08T02:00,26.3,97,0.0
2023-08-08T03:00,26.3,96,0.0
2023-08-08T04:00,26.2,96,0.0
2023-08-08T05:00,26.1,96,0.0
2023-08-08T06:00,26.0,97,1.0
2023-08-08T07:00,26.2,97,28.0
2023-08-08T08:00,26.3,96,48.0
2023-08-08T09:00,26.8,94,162.0
2023-08-08T10:00,26.6,94,161.0
2023-08-08T11:00,26.4,96,97.0
2023-08-08T12:00,27.8,93,120.0
2023-08-08T13:00,27.9,94,205.0
2023-08-08T14:00,28.2,94,186.0
2023-08-08T15:00,28.5,93,160.0
2023-08-08T16:00,28.0,94,116.0
2023-08-08T17:00,26.9,98,22.0
2023-08-08T18:00,27.5,94,7.0
2023-08-08T19:00,27.1,95,2.0
2023-08-08T20:00,26.9,96,0.0
2023-08-08T21:00,26.5,96,0.0
2023-08-08T22:00,26.1,97,0.0
2023-08-08T23:00,25.8,96,0.0
2023-08-09T00:00,26.0,97,0.0
2023-08-09T01:00,25.9,97,0.0
2023-08-09T02:00,25.9,96,0.0
2023-08-09T03:00,25.6,97,0.0
2023-08-09T04:00,25.5,98,0.0
2023-08-09T05:00,25.5,98,0.0
2023-08-09T06:00,26.0,98,1.0
2023-08-09T07:00,26.0,98,11.0
2023-08-09T08:00,26.2,97,27.0
2023-08-09T09:00,26.9,94,108.0
2023-08-09T10:00,27.8,89,168.0
2023-08-09T11:00,28.7,85,252.0
2023-08-09T12:00,31.8,72,338.0
2023-08-09T13:00,32.4,68,356.0
2023-08-09T14:00,32.5,68,317.0
2023-08-09T15:00,30.4,75,123.0
2023-08-09T16:00,29.1,80,94.0
2023-08-09T17:00,28.6,84,71.0
2023-08-09T18:00,28.9,88,28.0
2023-08-09T19:00,28.3,91,6.0
2023-08-09T20:00,28.0,91,0.0
2023-08-09T21:00,27.6,92,0.0
2023-08-09T22:00,27.4,94,0.0
2023-08-09T23:00,27.3,95,0.0
2023-08-10T00:00,27.2,96,0.0
2023-08-10T01:00,27.0,96,0.0
2023-08-10T02:00,26.8,96,0.0
2023-08-10T03:00,26.7,97,0.0
2023-08-10T04:00,26.6,97,0.0
2023-08-10T05:00,26.4,97,0.0
2023-08-10T06:00,26.7,97,2.0
2023-08-10T07:00,27.1,95,46.0
2023-08-10T08:00,27.7,93,133.0
2023-08-10T09:00,28.2,91,221.0
2023-08-10T10:00,29.0,88,271.0
2023-08-10T11:00,30.2,84,330.0
2023-08-10T12:00,32.4,72,350.0
2023-08-10T13:00,32.9,68,339.0
2023-08-10T14:00,32.7,68,275.0
2023-08-10T15:00,32.6,70,218.0
2023-08-10T16:00,32.2,73,213.0
2023-08-10T17:00,31.3,76,135.0
2023-08-10T18:00,29.3,88,54.0
2023-08-10T19:00,28.4,92,8.0
2023-08-10T20:00,27.9,94,0.0
2023-08-10T21:00,27.6,95,0.0
2023-08-10T22:00,27.4,96,0.0
2023-08-10T23:00,27.3,96,0.0
2023-08-11T00:00,27.1,97,0.0
2023-08-11T01:00,27.0,97,0.0
2023-08-11T02:00,26.9,97,0.0
2023-08-11T03:00,26.8,98,0.0
2023-08-11T04:00,26.7,97,0.0
2023-08-11T05:00,26.6,97,0.0
2023-08-11T06:00,26.8,97,2.0
2023-08-11T07:00,27.1,96,43.0
2023-08-11T08:00,27.7,94,133.0
2023-08-11T09:00,28.3,91,219.0
2023-08-11T10:00,29.1,89,300.0
2023-08-11T11:00,30.3,83,351.0
2023-08-11T12:00,31.4,78,288.0
2023-08-11T13:00,31.6,77,365.0
2023-08-11T14:00,32.1,73,328.0
2023-08-11T15:00,32.2,73,318.0
2023-08-11T16:00,31.6,75,219.0
2023-08-11T17:00,30.3,80,122.0
2023-08-11T18:00,29.8,88,34.0
2023-08-11T19:00,28.9,91,4.0
2023-08-11T20:00,28.3,93,0.0
2023-08-11T21:00,28.0,94,0.0
2023-08-11T22:00,27.8,94,0.0
2023-08-11T23:00,27.6,95,0.0
2023-08-12T00:00,27.4,96,0.0
2023-08-12T01:00,27.2,96,0.0
2023-08-12T02:00,27.0,97,0.0
2023-08-12T03:00,26.9,97,0.0
2023-08-12T04:00,26.8,97,0.0
2023-08-12T05:00,26.7,97,0.0
2023-08-12T06:00,27.0,97,3.0
2023-08-12T07:00,27.3,96,46.0
2023-08-12T08:00,28.0,95,116.0
2023-08-12T09:00,29.1,90,195.0
2023-08-12T10:00,30.0,86,239.0
2023-08-12T11:00,30.5,85,271.0
2023-08-12T12:00,30.4,84,216.0
2023-08-12T13:00,30.3,85,187.0
2023-08-12T14:00,30.9,83,294.0
2023-08-12T15:00,30.5,84,219.0
2023-08-12T16:00,30.1,86,166.0
2023-08-12T17:00,29.9,86,126.0
2023-08-12T18:00,29.5,90,72.0
2023-08-12T19:00,28.4,93,8.0
2023-08-12T20:00,28.0,94,0.0
2023-08-12T21:00,27.7,95,0.0
2023-08-12T22:00,27.6,96,0.0
2023-08-12T23:00,27.4,96,0.0
2023-08-13T00:00,27.2,97,0.0
2023-08-13T01:00,27.0,97,0.0
2023-08-13T02:00,27.0,94,0.0
2023-08-13T03:00,26.8,96,0.0
2023-08-13T04:00,26.7,97,0.0
2023-08-13T05:00,26.6,97,0.0
2023-08-13T06:00,26.6,97,4.0
2023-08-13T07:00,27.1,95,53.0
2023-08-13T08:00,27.8,93,131.0
2023-08-13T09:00,28.6,89,220.0
2023-08-13T10:00,29.7,84,304.0
2023-08-13T11:00,30.7,78,341.0
2023-08-13T12:00,31.4,73,334.0
2023-08-13T13:00,31.5,72,341.0
2023-08-13T14:00,31.8,69,333.0
2023-08-13T15:00,31.5,70,321.0
2023-08-13T16:00,31.0,74,160.0
2023-08-13T17:00,30.6,78,124.0
2023-08-13T18:00,29.5,85,34.0
2023-08-13T19:00,28.6,88,3.0
2023-08-13T20:00,28.4,89,0.0
2023-08-13T21:00,28.4,89,0.0
2023-08-13T22:00,28.2,89,0.0
2023-08-13T23:00,28.1,90,0.0
